name	docked_protein	score	no_atoms	Tool	ligand_efficiency
382	6e43	-12.172	28	Vina	-0.4347142857142857
2134	6e43	-12.116	32	Vina	-0.378625
814	6e43	-11.641	30	Vina	-0.3880333333333333
1486	6e43	-11.641	30	Vina	-0.3880333333333333
483	6e43	-11.423	30	Vina	-0.3807666666666666
886	6e43	-11.415	28	Vina	-0.4076785714285714
1044	6e43	-11.335	29	Vina	-0.3908620689655173
847	6e43	-11.332	30	Vina	-0.3777333333333333
1027	6e43	-11.331	32	Vina	-0.35409375
1894	6e43	-11.305	24	Vina	-0.4710416666666666
1690	6e43	-11.253	31	Vina	-0.363
2359	6e43	-11.208	28	Vina	-0.4002857142857143
767	6e43	-11.16	30	Vina	-0.372
1372	6e43	-11.118	28	Vina	-0.3970714285714286
2043	6e43	-11.099	30	Vina	-0.3699666666666666
1927	6e43	-11.085	32	Vina	-0.34640625
1466	6e43	-11.049	28	Vina	-0.3946071428571428
2416	6e43	-10.998	32	Vina	-0.3436875
1536	6e43	-10.997	30	Vina	-0.3665666666666666
213	6e43	-10.992	24	Vina	-0.458
2195	6e43	-10.979	28	Vina	-0.3921071428571428
2349	6e43	-10.959	27	Vina	-0.4058888888888888
1788	6e43	-10.899	29	Vina	-0.3758275862068965
2285	6e43	-10.899	31	Vina	-0.3515806451612903
526	6e43	-10.89	28	Vina	-0.3889285714285714
294	6e43	-10.869	30	Vina	-0.3623
2377	6e43	-10.849	33	Vina	-0.3287575757575757
278	6e43	-10.819	27	Vina	-0.4007037037037037
1355	6e43	-10.8	26	Vina	-0.4153846153846154
611	6e43	-10.798	32	Vina	-0.3374375
2373	6e43	-10.793	28	Vina	-0.3854642857142857
1711	6e43	-10.792	30	Vina	-0.3597333333333333
2381	6e43	-10.771	30	Vina	-0.3590333333333333
381	6e43	-10.762	28	Vina	-0.3843571428571429
362	6e43	-10.727	35	Vina	-0.3064857142857143
153	6e43	-10.726	31	Vina	-0.346
1966	6e43	-10.726	26	Vina	-0.4125384615384616
170	6e43	-10.721	34	Vina	-0.3153235294117647
2012	6e43	-10.721	24	Vina	-0.4467083333333333
1337	6e43	-10.693	30	Vina	-0.3564333333333333
1865	6e43	-10.69	28	Vina	-0.3817857142857143
797	6e43	-10.685	28	Vina	-0.3816071428571428
961	6e43	-10.673	29	Vina	-0.3680344827586207
1533	6e43	-10.66	28	Vina	-0.3807142857142857
243	6e43	-10.651	28	Vina	-0.3803928571428571
2004	6e43	-10.65	28	Vina	-0.3803571428571429
1506	6e43	-10.606	30	Vina	-0.3535333333333333
247	6e43	-10.602	22	Vina	-0.4819090909090909
426	6e43	-10.586	27	Vina	-0.3920740740740741
2184	6e43	-10.572	28	Vina	-0.3775714285714285
2359	3sx0	-11.749	28	Vina	-0.4196071428571429
1689	3sx0	-10.522	29	Vina	-0.3628275862068965
400	3sx0	-10.414	29	Vina	-0.359103448275862
1535	3sx0	-10.411	28	Vina	-0.3718214285714286
1130	3sx0	-10.331	26	Vina	-0.3973461538461538
1969	3sx0	-10.258	26	Vina	-0.3945384615384615
421	3sx0	-10.246	26	Vina	-0.3940769230769231
1533	3sx0	-10.098	28	Vina	-0.3606428571428571
37	3sx0	-10.059	26	Vina	-0.3868846153846154
1506	3sx0	-10.028	30	Vina	-0.3342666666666666
874	3sx0	-9.994	28	Vina	-0.3569285714285714
662	3sx0	-9.976	24	Vina	-0.4156666666666667
767	3sx0	-9.931	30	Vina	-0.3310333333333333
872	3sx0	-9.915	29	Vina	-0.3418965517241379
2134	3sx0	-9.896	32	Vina	-0.30925
2043	3sx0	-9.875	30	Vina	-0.3291666666666666
1413	3sx0	-9.862	24	Vina	-0.4109166666666666
1220	3sx0	-9.855	26	Vina	-0.3790384615384615
201	3sx0	-9.817	24	Vina	-0.4090416666666667
631	3sx0	-9.812	26	Vina	-0.3773846153846154
526	3sx0	-9.767	28	Vina	-0.3488214285714285
1790	3sx0	-9.759	27	Vina	-0.3614444444444444
906	3sx0	-9.757	26	Vina	-0.3752692307692307
797	3sx0	-9.737	28	Vina	-0.34775
1894	3sx0	-9.736	24	Vina	-0.4056666666666667
33	3sx0	-9.721	30	Vina	-0.3240333333333333
2116	3sx0	-9.721	30	Vina	-0.3240333333333333
1206	3sx0	-9.709	25	Vina	-0.38836
681	3sx0	-9.702	24	Vina	-0.40425
320	3sx0	-9.665	29	Vina	-0.3332758620689655
2419	3sx0	-9.665	29	Vina	-0.3332758620689655
1113	3sx0	-9.638	28	Vina	-0.3442142857142857
1706	3sx0	-9.638	22	Vina	-0.4380909090909091
294	3sx0	-9.633	30	Vina	-0.3211
616	3sx0	-9.624	27	Vina	-0.3564444444444444
395	3sx0	-9.545	28	Vina	-0.3408928571428571
1927	3sx0	-9.529	32	Vina	-0.29778125
1591	3sx0	-9.515	26	Vina	-0.3659615384615385
1789	3sx0	-9.495	27	Vina	-0.3516666666666666
1856	3sx0	-9.477	29	Vina	-0.3267931034482759
1850	3sx0	-9.463	24	Vina	-0.3942916666666666
205	3sx0	-9.461	24	Vina	-0.3942083333333333
2195	3sx0	-9.454	28	Vina	-0.3376428571428572
1315	3sx0	-9.443	28	Vina	-0.33725
2046	3sx0	-9.442	25	Vina	-0.37768
426	3sx0	-9.44	27	Vina	-0.3496296296296296
408	3sx0	-9.431	28	Vina	-0.3368214285714285
1516	3sx0	-9.421	27	Vina	-0.3489259259259259
2330	3sx0	-9.414	26	Vina	-0.3620769230769231
1976	3sx0	-9.383	25	Vina	-0.37532
2375	6q9y	-11.507	33	Vina	-0.3486969696969696
382	6q9y	-11.499	28	Vina	-0.4106785714285714
872	6q9y	-11.46	29	Vina	-0.3951724137931034
408	6q9y	-11.459	28	Vina	-0.40925
1691	6q9y	-11.386	33	Vina	-0.345030303030303
1341	6q9y	-11.363	27	Vina	-0.4208518518518518
1927	6q9y	-11.335	32	Vina	-0.35421875
767	6q9y	-11.3	30	Vina	-0.3766666666666667
526	6q9y	-11.267	28	Vina	-0.4023928571428571
1825	6q9y	-11.171	28	Vina	-0.3989642857142857
1535	6q9y	-11.097	28	Vina	-0.3963214285714285
414	6q9y	-10.972	32	Vina	-0.342875
1413	6q9y	-10.961	24	Vina	-0.4567083333333333
699	6q9y	-10.845	30	Vina	-0.3615
2373	6q9y	-10.8	28	Vina	-0.3857142857142857
483	6q9y	-10.783	30	Vina	-0.3594333333333333
416	6q9y	-10.733	30	Vina	-0.3577666666666667
484	6q9y	-10.692	34	Vina	-0.3144705882352941
1506	6q9y	-10.665	30	Vina	-0.3555
412	6q9y	-10.661	31	Vina	-0.3439032258064516
1893	6q9y	-10.66	26	Vina	-0.41
1894	6q9y	-10.587	24	Vina	-0.441125
1112	6q9y	-10.58	32	Vina	-0.330625
426	6q9y	-10.501	27	Vina	-0.3889259259259259
2285	6q9y	-10.494	31	Vina	-0.3385161290322581
2134	6q9y	-10.489	32	Vina	-0.32778125
2017	6q9y	-10.475	24	Vina	-0.4364583333333333
2330	6q9y	-10.452	26	Vina	-0.402
136	6q9y	-10.446	28	Vina	-0.3730714285714285
1282	6q9y	-10.446	28	Vina	-0.3730714285714285
1381	6q9y	-10.423	30	Vina	-0.3474333333333333
129	6q9y	-10.413	28	Vina	-0.3718928571428571
611	6q9y	-10.409	32	Vina	-0.32528125
886	6q9y	-10.386	28	Vina	-0.3709285714285714
797	6q9y	-10.309	28	Vina	-0.3681785714285714
2359	6q9y	-10.304	28	Vina	-0.368
37	6q9y	-10.26	26	Vina	-0.3946153846153846
1518	6q9y	-10.215	28	Vina	-0.3648214285714286
473	6q9y	-10.188	29	Vina	-0.3513103448275862
1846	6q9y	-10.111	30	Vina	-0.3370333333333333
1444	6q9y	-10.085	29	Vina	-0.3477586206896552
1571	6q9y	-9.991	28	Vina	-0.3568214285714285
1076	6q9y	-9.973	28	Vina	-0.3561785714285714
138	6q9y	-9.921	24	Vina	-0.413375
961	6q9y	-9.894	29	Vina	-0.3411724137931035
137	6q9y	-9.865	24	Vina	-0.4110416666666667
874	6q9y	-9.827	28	Vina	-0.3509642857142857
596	6q9y	-9.815	28	Vina	-0.3505357142857143
2195	6q9y	-9.795	28	Vina	-0.3498214285714285
1660	6q9y	-9.781	31	Vina	-0.315516129032258
1329	6s1j	-11.242	27	Vina	-0.4163703703703704
961	6s1j	-11.107	29	Vina	-0.3829999999999999
1691	6s1j	-10.964	33	Vina	-0.3322424242424242
152	6s1j	-10.86	26	Vina	-0.4176923076923077
428	6s1j	-10.856	27	Vina	-0.4020740740740741
2334	6s1j	-10.843	30	Vina	-0.3614333333333333
1991	6s1j	-10.822	29	Vina	-0.3731724137931034
1927	6s1j	-10.737	32	Vina	-0.33553125
1037	6s1j	-10.576	30	Vina	-0.3525333333333333
1413	6s1j	-10.542	24	Vina	-0.43925
2210	6s1j	-10.475	31	Vina	-0.3379032258064516
2285	6s1j	-10.448	31	Vina	-0.3370322580645161
381	6s1j	-10.423	28	Vina	-0.37225
2184	6s1j	-10.415	28	Vina	-0.3719642857142857
1516	6s1j	-10.4	27	Vina	-0.3851851851851852
2134	6s1j	-10.395	32	Vina	-0.32484375
2242	6s1j	-10.394	29	Vina	-0.3584137931034483
426	6s1j	-10.387	27	Vina	-0.3847037037037037
1804	6s1j	-10.384	26	Vina	-0.3993846153846154
767	6s1j	-10.362	30	Vina	-0.3454
2043	6s1j	-10.335	30	Vina	-0.3445
776	6s1j	-10.334	34	Vina	-0.3039411764705882
513	6s1j	-10.332	30	Vina	-0.3444
2358	6s1j	-10.31	30	Vina	-0.3436666666666667
1444	6s1j	-10.285	29	Vina	-0.3546551724137931
2373	6s1j	-10.283	28	Vina	-0.3672499999999999
1506	6s1j	-10.282	30	Vina	-0.3427333333333333
1518	6s1j	-10.269	28	Vina	-0.36675
2266	6s1j	-10.251	26	Vina	-0.3942692307692307
213	6s1j	-10.242	24	Vina	-0.42675
1027	6s1j	-10.229	32	Vina	-0.31965625
2032	6s1j	-10.227	30	Vina	-0.3409
693	6s1j	-10.223	30	Vina	-0.3407666666666667
2319	6s1j	-10.223	30	Vina	-0.3407666666666667
872	6s1j	-10.218	29	Vina	-0.3523448275862069
293	6s1j	-10.197	26	Vina	-0.3921923076923077
1816	6s1j	-10.189	35	Vina	-0.2911142857142857
991	6s1j	-10.184	32	Vina	-0.31825
2286	6s1j	-10.094	31	Vina	-0.3256129032258064
1865	6s1j	-10.092	28	Vina	-0.3604285714285714
382	6s1j	-10.08	28	Vina	-0.36
1533	6s1j	-10.07	28	Vina	-0.3596428571428571
1044	6s1j	-10.067	29	Vina	-0.3471379310344827
1741	6s1j	-10.066	28	Vina	-0.3595
1386	6s1j	-10.051	31	Vina	-0.3242258064516129
1531	6s1j	-10.042	27	Vina	-0.3719259259259259
2281	6s1j	-10.024	32	Vina	-0.31325
1624	6s1j	-10.014	31	Vina	-0.3230322580645161
2416	6s1j	-10.008	32	Vina	-0.31275
1535	6s1j	-9.998	28	Vina	-0.3570714285714285
483	3npc	-11.216	30	Vina	-0.3738666666666666
136	3npc	-11.075	28	Vina	-0.3955357142857142
1282	3npc	-11.075	28	Vina	-0.3955357142857142
2134	3npc	-10.841	32	Vina	-0.33878125
294	3npc	-10.771	30	Vina	-0.3590333333333333
1535	3npc	-10.626	28	Vina	-0.3795
382	3npc	-10.423	28	Vina	-0.37225
886	3npc	-10.327	28	Vina	-0.3688214285714286
414	3npc	-10.324	32	Vina	-0.322625
1037	3npc	-10.257	30	Vina	-0.3419
1927	3npc	-10.226	32	Vina	-0.3195625
872	3npc	-10.194	29	Vina	-0.3515172413793104
693	3npc	-10.13	30	Vina	-0.3376666666666666
2319	3npc	-10.13	30	Vina	-0.3376666666666666
769	3npc	-10.127	26	Vina	-0.3895
408	3npc	-10.121	28	Vina	-0.3614642857142857
874	3npc	-10.114	28	Vina	-0.3612142857142857
526	3npc	-10.103	28	Vina	-0.3608214285714285
137	3npc	-10.084	24	Vina	-0.4201666666666666
1689	3npc	-10.051	29	Vina	-0.3465862068965517
2079	3npc	-10.051	29	Vina	-0.3465862068965517
1413	3npc	-10.047	24	Vina	-0.418625
2330	3npc	-10.031	26	Vina	-0.3858076923076923
2242	3npc	-10.016	29	Vina	-0.3453793103448276
767	3npc	-10.004	30	Vina	-0.3334666666666666
1976	3npc	-9.986	25	Vina	-0.39944
302	3npc	-9.887	27	Vina	-0.3661851851851852
2375	3npc	-9.87	33	Vina	-0.2990909090909091
1056	3npc	-9.758	30	Vina	-0.3252666666666666
1894	3npc	-9.747	24	Vina	-0.406125
2177	3npc	-9.729	29	Vina	-0.3354827586206896
1816	3npc	-9.721	35	Vina	-0.2777428571428571
395	3npc	-9.714	28	Vina	-0.3469285714285714
485	3npc	-9.709	33	Vina	-0.2942121212121212
441	3npc	-9.691	31	Vina	-0.3126129032258065
1266	3npc	-9.686	26	Vina	-0.3725384615384615
444	3npc	-9.684	31	Vina	-0.3123870967741935
484	3npc	-9.679	34	Vina	-0.2846764705882353
2359	3npc	-9.662	28	Vina	-0.3450714285714286
37	3npc	-9.66	26	Vina	-0.3715384615384615
1676	3npc	-9.659	23	Vina	-0.4199565217391304
1506	3npc	-9.654	30	Vina	-0.3218
814	3npc	-9.649	30	Vina	-0.3216333333333333
1486	3npc	-9.649	30	Vina	-0.3216333333333333
2043	3npc	-9.642	30	Vina	-0.3213999999999999
141	3npc	-9.63	22	Vina	-0.4377272727272727
865	3npc	-9.625	29	Vina	-0.3318965517241379
1788	3npc	-9.571	29	Vina	-0.3300344827586207
1691	3npc	-9.568	33	Vina	-0.2899393939393939
2357	3npc	-9.563	32	Vina	-0.29884375
429	5l4q	-10.918	33	Vina	-0.3308484848484848
596	5l4q	-10.907	28	Vina	-0.3895357142857142
2134	5l4q	-10.7	32	Vina	-0.334375
2242	5l4q	-10.62	29	Vina	-0.3662068965517241
2416	5l4q	-10.388	32	Vina	-0.324625
136	5l4q	-10.36	28	Vina	-0.37
1282	5l4q	-10.36	28	Vina	-0.37
1386	5l4q	-10.238	31	Vina	-0.330258064516129
961	5l4q	-10.23	29	Vina	-0.3527586206896552
1930	5l4q	-10.212	32	Vina	-0.319125
2359	5l4q	-10.111	28	Vina	-0.3611071428571429
1927	5l4q	-10.106	32	Vina	-0.3158125
513	5l4q	-10.058	30	Vina	-0.3352666666666666
1691	5l4q	-9.971	33	Vina	-0.3021515151515151
1329	5l4q	-9.964	27	Vina	-0.369037037037037
1806	5l4q	-9.95	28	Vina	-0.3553571428571428
991	5l4q	-9.922	32	Vina	-0.3100625
473	5l4q	-9.913	29	Vina	-0.3418275862068965
1491	5l4q	-9.889	33	Vina	-0.2996666666666666
767	5l4q	-9.836	30	Vina	-0.3278666666666667
872	5l4q	-9.809	29	Vina	-0.3382413793103448
1130	5l4q	-9.803	26	Vina	-0.3770384615384615
1535	5l4q	-9.773	28	Vina	-0.3490357142857143
1790	5l4q	-9.767	27	Vina	-0.3617407407407407
1043	5l4q	-9.762	30	Vina	-0.3254
471	5l4q	-9.742	27	Vina	-0.3608148148148148
1042	5l4q	-9.74	30	Vina	-0.3246666666666666
152	5l4q	-9.722	26	Vina	-0.3739230769230769
1690	5l4q	-9.717	31	Vina	-0.3134516129032258
2349	5l4q	-9.689	27	Vina	-0.3588518518518518
1586	5l4q	-9.68	27	Vina	-0.3585185185185185
1337	5l4q	-9.618	30	Vina	-0.3206
1789	5l4q	-9.605	27	Vina	-0.3557407407407407
1816	5l4q	-9.596	35	Vina	-0.2741714285714285
1660	5l4q	-9.577	31	Vina	-0.3089354838709677
1037	5l4q	-9.576	30	Vina	-0.3192
2079	5l4q	-9.565	29	Vina	-0.3298275862068965
205	5l4q	-9.563	24	Vina	-0.3984583333333333
1969	5l4q	-9.56	26	Vina	-0.3676923076923077
699	5l4q	-9.559	30	Vina	-0.3186333333333333
1056	5l4q	-9.553	30	Vina	-0.3184333333333333
526	5l4q	-9.551	28	Vina	-0.3411071428571429
874	5l4q	-9.545	28	Vina	-0.3408928571428571
2177	5l4q	-9.538	29	Vina	-0.3288965517241379
1850	5l4q	-9.536	24	Vina	-0.3973333333333333
414	5l4q	-9.523	32	Vina	-0.29759375
483	5l4q	-9.52	30	Vina	-0.3173333333333333
1976	5l4q	-9.507	25	Vina	-0.38028
469	5l4q	-9.506	31	Vina	-0.3066451612903226
131	5l4q	-9.504	27	Vina	-0.352
1535	3elj	-10.671	28	Vina	-0.3811071428571428
513	3elj	-10.333	30	Vina	-0.3444333333333333
1533	3elj	-10.282	28	Vina	-0.3672142857142857
1491	3elj	-10.227	33	Vina	-0.3099090909090909
429	3elj	-10.163	33	Vina	-0.307969696969697
1329	3elj	-10.147	27	Vina	-0.3758148148148148
1027	3elj	-10.072	32	Vina	-0.31475
596	3elj	-10.055	28	Vina	-0.3591071428571428
1506	3elj	-10.035	30	Vina	-0.3345
1271	3elj	-10.02	31	Vina	-0.3232258064516128
1622	3elj	-9.993	27	Vina	-0.3701111111111111
293	3elj	-9.957	26	Vina	-0.3829615384615384
37	3elj	-9.956	26	Vina	-0.3829230769230769
1804	3elj	-9.878	26	Vina	-0.3799230769230769
152	3elj	-9.872	26	Vina	-0.3796923076923076
1434	3elj	-9.867	26	Vina	-0.3795
961	3elj	-9.818	29	Vina	-0.338551724137931
6	3elj	-9.815	30	Vina	-0.3271666666666666
1788	3elj	-9.811	29	Vina	-0.3383103448275862
2375	3elj	-9.793	33	Vina	-0.2967575757575757
2012	3elj	-9.779	24	Vina	-0.4074583333333333
1444	3elj	-9.775	29	Vina	-0.3370689655172414
2184	3elj	-9.752	28	Vina	-0.3482857142857143
797	3elj	-9.735	28	Vina	-0.3476785714285714
11	3elj	-9.713	32	Vina	-0.30353125
1865	3elj	-9.701	28	Vina	-0.3464642857142857
1806	3elj	-9.681	28	Vina	-0.3457499999999999
213	3elj	-9.677	24	Vina	-0.4032083333333333
1413	3elj	-9.67	24	Vina	-0.4029166666666666
1741	3elj	-9.663	28	Vina	-0.3451071428571429
1928	3elj	-9.625	27	Vina	-0.3564814814814814
1927	3elj	-9.581	32	Vina	-0.29940625
526	3elj	-9.58	28	Vina	-0.3421428571428571
26	3elj	-9.552	25	Vina	-0.38208
1816	3elj	-9.551	35	Vina	-0.2728857142857143
1801	3elj	-9.546	25	Vina	-0.3818399999999999
769	3elj	-9.538	26	Vina	-0.3668461538461539
1591	3elj	-9.534	26	Vina	-0.3666923076923077
2242	3elj	-9.52	29	Vina	-0.3282758620689655
471	3elj	-9.517	27	Vina	-0.3524814814814814
1689	3elj	-9.506	29	Vina	-0.3277931034482759
1744	3elj	-9.496	30	Vina	-0.3165333333333333
324	3elj	-9.495	31	Vina	-0.3062903225806451
320	3elj	-9.489	29	Vina	-0.3272068965517242
2419	3elj	-9.489	29	Vina	-0.3272068965517242
767	3elj	-9.475	30	Vina	-0.3158333333333333
1976	3elj	-9.463	25	Vina	-0.3785199999999999
1745	3elj	-9.445	30	Vina	-0.3148333333333333
127	3elj	-9.44	27	Vina	-0.3496296296296296
2134	3elj	-9.422	32	Vina	-0.2944375
991	2jam	-10.652	32	Vina	-0.332875
2416	2jam	-10.644	32	Vina	-0.332625
2242	2jam	-10.609	29	Vina	-0.3658275862068965
429	2jam	-10.484	33	Vina	-0.3176969696969697
1930	2jam	-10.391	32	Vina	-0.32471875
1927	2jam	-10.36	32	Vina	-0.32375
1044	2jam	-10.359	29	Vina	-0.3572068965517241
513	2jam	-10.249	30	Vina	-0.3416333333333333
1386	2jam	-10.224	31	Vina	-0.3298064516129032
2375	2jam	-10.16	33	Vina	-0.3078787878787878
1536	2jam	-10.143	30	Vina	-0.3381
1691	2jam	-10.108	33	Vina	-0.3063030303030303
2134	2jam	-10.086	32	Vina	-0.3151875
1491	2jam	-10.002	33	Vina	-0.3030909090909091
469	2jam	-9.998	31	Vina	-0.322516129032258
961	2jam	-9.957	29	Vina	-0.3433448275862069
693	2jam	-9.951	30	Vina	-0.3317
2319	2jam	-9.951	30	Vina	-0.3317
1690	2jam	-9.929	31	Vina	-0.3202903225806451
526	2jam	-9.928	28	Vina	-0.3545714285714286
1810	2jam	-9.922	32	Vina	-0.3100625
2177	2jam	-9.919	29	Vina	-0.3420344827586207
1037	2jam	-9.893	30	Vina	-0.3297666666666667
1518	2jam	-9.865	28	Vina	-0.3523214285714285
611	2jam	-9.851	32	Vina	-0.30784375
131	2jam	-9.813	27	Vina	-0.3634444444444444
1388	2jam	-9.813	27	Vina	-0.3634444444444444
2043	2jam	-9.786	30	Vina	-0.3262
1355	2jam	-9.745	26	Vina	-0.3748076923076923
1744	2jam	-9.723	30	Vina	-0.3241
1027	2jam	-9.72	32	Vina	-0.30375
2285	2jam	-9.718	31	Vina	-0.3134838709677419
767	2jam	-9.707	30	Vina	-0.3235666666666666
1056	2jam	-9.705	30	Vina	-0.3235
2358	2jam	-9.691	30	Vina	-0.3230333333333333
2184	2jam	-9.667	28	Vina	-0.34525
324	2jam	-9.653	31	Vina	-0.3113870967741936
2363	2jam	-9.651	30	Vina	-0.3217
1042	2jam	-9.643	30	Vina	-0.3214333333333333
129	2jam	-9.642	28	Vina	-0.3443571428571428
414	2jam	-9.622	32	Vina	-0.3006875
1329	2jam	-9.61	27	Vina	-0.3559259259259259
2304	2jam	-9.6	28	Vina	-0.3428571428571428
416	2jam	-9.599	30	Vina	-0.3199666666666667
459	2jam	-9.559	27	Vina	-0.354037037037037
1381	2jam	-9.542	30	Vina	-0.3180666666666666
483	2jam	-9.529	30	Vina	-0.3176333333333333
152	2jam	-9.519	26	Vina	-0.3661153846153846
169	2jam	-9.517	35	Vina	-0.2719142857142857
1788	2jam	-9.494	29	Vina	-0.3273793103448276
1491	4x21	-10.3	33	Vina	-0.3121212121212121
1927	4x21	-10.095	32	Vina	-0.31546875
2043	4x21	-9.89	30	Vina	-0.3296666666666666
513	4x21	-9.869	30	Vina	-0.3289666666666667
1027	4x21	-9.857	32	Vina	-0.30803125
1816	4x21	-9.849	35	Vina	-0.2814
483	4x21	-9.815	30	Vina	-0.3271666666666666
1037	4x21	-9.782	30	Vina	-0.3260666666666666
1056	4x21	-9.772	30	Vina	-0.3257333333333333
1516	4x21	-9.715	27	Vina	-0.3598148148148148
1657	4x21	-9.671	31	Vina	-0.3119677419354839
1691	4x21	-9.658	33	Vina	-0.2926666666666666
2334	4x21	-9.645	30	Vina	-0.3215
1506	4x21	-9.638	30	Vina	-0.3212666666666666
429	4x21	-9.598	33	Vina	-0.2908484848484848
414	4x21	-9.514	32	Vina	-0.2973125
1586	4x21	-9.512	27	Vina	-0.3522962962962963
2242	4x21	-9.499	29	Vina	-0.327551724137931
2375	4x21	-9.494	33	Vina	-0.2876969696969697
346	4x21	-9.483	34	Vina	-0.2789117647058823
961	4x21	-9.483	29	Vina	-0.327
408	4x21	-9.481	28	Vina	-0.3386071428571428
767	4x21	-9.449	30	Vina	-0.3149666666666667
2004	4x21	-9.426	28	Vina	-0.3366428571428571
2136	4x21	-9.415	31	Vina	-0.3037096774193548
611	4x21	-9.412	32	Vina	-0.294125
699	4x21	-9.402	30	Vina	-0.3133999999999999
1518	4x21	-9.368	28	Vina	-0.3345714285714286
6	4x21	-9.356	30	Vina	-0.3118666666666667
550	4x21	-9.35	29	Vina	-0.3224137931034482
416	4x21	-9.348	30	Vina	-0.3116
471	4x21	-9.329	27	Vina	-0.3455185185185185
176	4x21	-9.323	32	Vina	-0.29134375
2416	4x21	-9.317	32	Vina	-0.29115625
1285	4x21	-9.306	33	Vina	-0.282
526	4x21	-9.301	28	Vina	-0.3321785714285714
872	4x21	-9.3	29	Vina	-0.3206896551724138
293	4x21	-9.295	26	Vina	-0.3575
1413	4x21	-9.264	24	Vina	-0.3859999999999999
152	4x21	-9.251	26	Vina	-0.3558076923076922
382	4x21	-9.251	28	Vina	-0.3303928571428571
1711	4x21	-9.249	30	Vina	-0.3083
1076	4x21	-9.243	28	Vina	-0.3301071428571429
2195	4x21	-9.236	28	Vina	-0.3298571428571429
1329	4x21	-9.235	27	Vina	-0.342037037037037
131	4x21	-9.232	27	Vina	-0.3419259259259259
1388	4x21	-9.232	27	Vina	-0.3419259259259259
1044	4x21	-9.23	29	Vina	-0.3182758620689655
1690	4x21	-9.228	31	Vina	-0.2976774193548387
469	4x21	-9.219	31	Vina	-0.2973870967741935
2043	3e7o	-9.789	30	Vina	-0.3263
152	3e7o	-9.735	26	Vina	-0.3744230769230769
1516	3e7o	-9.567	27	Vina	-0.3543333333333333
767	3e7o	-9.426	30	Vina	-0.3142
1927	3e7o	-9.389	32	Vina	-0.29340625
2177	3e7o	-9.292	29	Vina	-0.3204137931034482
2359	3e7o	-9.256	28	Vina	-0.3305714285714285
2416	3e7o	-9.249	32	Vina	-0.28903125
1506	3e7o	-9.235	30	Vina	-0.3078333333333333
1413	3e7o	-9.224	24	Vina	-0.3843333333333333
1966	3e7o	-9.223	26	Vina	-0.3547307692307692
1329	3e7o	-9.099	27	Vina	-0.337
513	3e7o	-9.079	30	Vina	-0.3026333333333333
591	3e7o	-9.053	22	Vina	-0.4115
2375	3e7o	-9.053	33	Vina	-0.2743333333333334
483	3e7o	-9.049	30	Vina	-0.3016333333333333
1056	3e7o	-8.996	30	Vina	-0.2998666666666666
1631	3e7o	-8.984	28	Vina	-0.3208571428571428
1804	3e7o	-8.984	26	Vina	-0.3455384615384615
1806	3e7o	-8.967	28	Vina	-0.32025
429	3e7o	-8.961	33	Vina	-0.2715454545454545
1691	3e7o	-8.957	33	Vina	-0.2714242424242424
386	3e7o	-8.949	31	Vina	-0.2886774193548387
2330	3e7o	-8.938	26	Vina	-0.3437692307692307
426	3e7o	-8.933	27	Vina	-0.3308518518518518
1444	3e7o	-8.93	29	Vina	-0.3079310344827586
526	3e7o	-8.927	28	Vina	-0.3188214285714285
693	3e7o	-8.927	30	Vina	-0.2975666666666666
2319	3e7o	-8.927	30	Vina	-0.2975666666666666
1381	3e7o	-8.923	30	Vina	-0.2974333333333333
1386	3e7o	-8.917	31	Vina	-0.2876451612903226
293	3e7o	-8.911	26	Vina	-0.3427307692307692
130	3e7o	-8.91	27	Vina	-0.33
1599	3e7o	-8.91	27	Vina	-0.33
278	3e7o	-8.876	27	Vina	-0.3287407407407407
1689	3e7o	-8.872	29	Vina	-0.3059310344827586
11	3e7o	-8.855	32	Vina	-0.27671875
213	3e7o	-8.855	24	Vina	-0.3689583333333333
1037	3e7o	-8.851	30	Vina	-0.2950333333333333
1434	3e7o	-8.827	26	Vina	-0.3395
26	3e7o	-8.814	25	Vina	-0.35256
1285	3e7o	-8.8	33	Vina	-0.2666666666666666
2012	3e7o	-8.794	24	Vina	-0.3664166666666666
797	3e7o	-8.779	28	Vina	-0.3135357142857143
1314	3e7o	-8.77	29	Vina	-0.3024137931034482
381	3e7o	-8.762	28	Vina	-0.3129285714285714
263	3e7o	-8.761	33	Vina	-0.2654848484848484
1280	3e7o	-8.738	34	Vina	-0.257
991	3e7o	-8.73	32	Vina	-0.2728125
961	3e7o	-8.723	29	Vina	-0.3007931034482758
1037	2qfa	-9.322	30	Vina	-0.3107333333333333
2177	2qfa	-9.057	29	Vina	-0.3123103448275862
2375	2qfa	-9.04	33	Vina	-0.2739393939393939
767	2qfa	-8.959	30	Vina	-0.2986333333333333
1266	2qfa	-8.957	26	Vina	-0.3445
1744	2qfa	-8.943	30	Vina	-0.2981
2358	2qfa	-8.872	30	Vina	-0.2957333333333333
1386	2qfa	-8.86	31	Vina	-0.2858064516129032
1506	2qfa	-8.841	30	Vina	-0.2946999999999999
872	2qfa	-8.838	29	Vina	-0.3047586206896551
2364	2qfa	-8.785	32	Vina	-0.27453125
2242	2qfa	-8.739	29	Vina	-0.3013448275862069
513	2qfa	-8.699	30	Vina	-0.2899666666666666
2330	2qfa	-8.693	26	Vina	-0.3343461538461538
699	2qfa	-8.688	30	Vina	-0.2896
1689	2qfa	-8.637	29	Vina	-0.2978275862068966
526	2qfa	-8.615	28	Vina	-0.3076785714285714
382	2qfa	-8.603	28	Vina	-0.3072499999999999
1927	2qfa	-8.601	32	Vina	-0.26878125
201	2qfa	-8.597	24	Vina	-0.3582083333333333
693	2qfa	-8.587	30	Vina	-0.2862333333333333
2319	2qfa	-8.587	30	Vina	-0.2862333333333333
1893	2qfa	-8.585	26	Vina	-0.3301923076923077
2043	2qfa	-8.554	30	Vina	-0.2851333333333333
136	2qfa	-8.55	28	Vina	-0.3053571428571429
1282	2qfa	-8.55	28	Vina	-0.3053571428571429
874	2qfa	-8.494	28	Vina	-0.3033571428571428
1711	2qfa	-8.492	30	Vina	-0.2830666666666667
2284	2qfa	-8.486	32	Vina	-0.2651875
2267	2qfa	-8.477	26	Vina	-0.3260384615384615
1531	2qfa	-8.459	27	Vina	-0.3132962962962963
1816	2qfa	-8.445	35	Vina	-0.2412857142857143
631	2qfa	-8.436	26	Vina	-0.3244615384615384
2361	2qfa	-8.435	27	Vina	-0.3124074074074074
1466	2qfa	-8.431	28	Vina	-0.3011071428571428
2359	2qfa	-8.431	28	Vina	-0.3011071428571428
1745	2qfa	-8.392	30	Vina	-0.2797333333333333
1413	2qfa	-8.378	24	Vina	-0.3490833333333333
1691	2qfa	-8.366	33	Vina	-0.2535151515151515
381	2qfa	-8.345	28	Vina	-0.2980357142857143
1516	2qfa	-8.336	27	Vina	-0.3087407407407407
426	2qfa	-8.302	27	Vina	-0.3074814814814814
243	2qfa	-8.295	28	Vina	-0.29625
571	2qfa	-8.286	31	Vina	-0.2672903225806451
834	2qfa	-8.286	26	Vina	-0.3186923076923076
411	2qfa	-8.282	31	Vina	-0.2671612903225806
1511	2qfa	-8.282	31	Vina	-0.2671612903225806
429	2qfa	-8.28	33	Vina	-0.2509090909090909
459	2qfa	-8.271	27	Vina	-0.3063333333333333
1790	2qfa	-8.27	27	Vina	-0.3062962962962963
1927	4agl	-8.483	32	Vina	-0.26509375
2134	4agl	-8.479	32	Vina	-0.26496875
2359	4agl	-8.26	28	Vina	-0.295
991	4agl	-8.072	32	Vina	-0.25225
2043	4agl	-8.06	30	Vina	-0.2686666666666666
429	4agl	-7.951	33	Vina	-0.2409393939393939
1355	4agl	-7.862	26	Vina	-0.3023846153846153
2358	4agl	-7.818	30	Vina	-0.2606
1266	4agl	-7.777	26	Vina	-0.2991153846153846
1816	4agl	-7.768	35	Vina	-0.2219428571428571
2334	4agl	-7.734	30	Vina	-0.2578
886	4agl	-7.688	28	Vina	-0.2745714285714286
800	4agl	-7.68	28	Vina	-0.2742857142857143
526	4agl	-7.526	28	Vina	-0.2687857142857143
382	4agl	-7.518	28	Vina	-0.2685
471	4agl	-7.503	27	Vina	-0.2778888888888889
1413	4agl	-7.428	24	Vina	-0.3095
1056	4agl	-7.413	30	Vina	-0.2471
2375	4agl	-7.412	33	Vina	-0.2246060606060606
483	4agl	-7.404	30	Vina	-0.2468
624	4agl	-7.384	22	Vina	-0.3356363636363637
2242	4agl	-7.38	29	Vina	-0.2544827586206896
441	4agl	-7.361	31	Vina	-0.2374516129032258
1894	4agl	-7.36	24	Vina	-0.3066666666666667
1112	4agl	-7.339	32	Vina	-0.22934375
1630	4agl	-7.339	35	Vina	-0.2096857142857143
1790	4agl	-7.305	27	Vina	-0.2705555555555555
513	4agl	-7.282	30	Vina	-0.2427333333333333
2231	4agl	-7.274	27	Vina	-0.2694074074074074
1706	4agl	-7.268	22	Vina	-0.3303636363636363
663	4agl	-7.266	26	Vina	-0.2794615384615385
1718	4agl	-7.265	30	Vina	-0.2421666666666666
2079	4agl	-7.263	29	Vina	-0.2504482758620689
138	4agl	-7.261	24	Vina	-0.3025416666666666
1100	4agl	-7.249	25	Vina	-0.28996
1518	4agl	-7.247	28	Vina	-0.2588214285714286
136	4agl	-7.245	28	Vina	-0.25875
1282	4agl	-7.245	28	Vina	-0.25875
416	4agl	-7.231	30	Vina	-0.2410333333333333
1969	4agl	-7.227	26	Vina	-0.2779615384615385
1523	4agl	-7.219	25	Vina	-0.28876
1535	4agl	-7.211	28	Vina	-0.2575357142857143
1690	4agl	-7.191	31	Vina	-0.2319677419354838
1037	4agl	-7.18	30	Vina	-0.2393333333333333
983	4agl	-7.169	32	Vina	-0.22403125
2440	4agl	-7.169	29	Vina	-0.2472068965517241
346	4agl	-7.144	34	Vina	-0.2101176470588235
305	4agl	-7.143	26	Vina	-0.2747307692307692
2184	4agl	-7.143	28	Vina	-0.2551071428571428
2121	4agl	-7.124	29	Vina	-0.2456551724137931
2375	6q9y	-12.45045	33	Smina	-0.3772863636363636
1691	6q9y	-11.6751	33	Smina	-0.3537909090909091
1927	6q9y	-11.58524	32	Smina	-0.36203875
382	6q9y	-11.56997	28	Smina	-0.4132132142857143
408	6q9y	-11.4849	28	Smina	-0.410175
872	6q9y	-11.46745	29	Smina	-0.3954293103448276
1341	6q9y	-11.35406	27	Smina	-0.4205207407407407
2063	6q9y	-11.22789	30	Smina	-0.374263
526	6q9y	-11.22257	28	Smina	-0.4008060714285714
886	6q9y	-11.21221	28	Smina	-0.4004360714285714
1825	6q9y	-11.20251	28	Smina	-0.4000896428571429
874	6q9y	-11.19773	28	Smina	-0.3999189285714286
767	6q9y	-11.19239	30	Smina	-0.3730796666666666
1535	6q9y	-11.12008	28	Smina	-0.3971457142857142
2134	6q9y	-11.06123	32	Smina	-0.3456634375
414	6q9y	-11.04752	32	Smina	-0.345235
699	6q9y	-10.99859	30	Smina	-0.3666196666666667
1531	6q9y	-10.97404	27	Smina	-0.4064459259259259
1413	6q9y	-10.94032	24	Smina	-0.4558466666666667
1966	6q9y	-10.8233	26	Smina	-0.4162807692307692
1506	6q9y	-10.8179	30	Smina	-0.3605966666666667
416	6q9y	-10.78906	30	Smina	-0.3596353333333333
2373	6q9y	-10.77834	28	Smina	-0.3849407142857143
1533	6q9y	-10.7685	28	Smina	-0.3845892857142857
1112	6q9y	-10.73346	32	Smina	-0.335420625
412	6q9y	-10.71673	31	Smina	-0.3457009677419355
1893	6q9y	-10.66808	26	Smina	-0.4103107692307692
136	6q9y	-10.6444	28	Smina	-0.3801571428571428
1282	6q9y	-10.6444	28	Smina	-0.3801571428571428
1894	6q9y	-10.59908	24	Smina	-0.4416283333333333
411	6q9y	-10.59614	31	Smina	-0.3418109677419355
1511	6q9y	-10.59614	31	Smina	-0.3418109677419355
2330	6q9y	-10.54318	26	Smina	-0.405506923076923
1381	6q9y	-10.52698	30	Smina	-0.3508993333333333
2017	6q9y	-10.48932	24	Smina	-0.4370549999999999
426	6q9y	-10.48523	27	Smina	-0.3883418518518518
2285	6q9y	-10.48061	31	Smina	-0.3380841935483871
2359	6q9y	-10.47008	28	Smina	-0.3739314285714285
129	6q9y	-10.4479	28	Smina	-0.3731392857142857
797	6q9y	-10.40695	28	Smina	-0.3716767857142857
483	6q9y	-10.39055	30	Smina	-0.3463516666666666
1355	6q9y	-10.30443	26	Smina	-0.3963242307692308
473	6q9y	-10.2854	29	Smina	-0.3546689655172413
1581	6q9y	-10.27912	26	Smina	-0.3953507692307693
37	6q9y	-10.26179	26	Smina	-0.3946842307692307
1518	6q9y	-10.25092	28	Smina	-0.3661042857142857
1444	6q9y	-10.15705	29	Smina	-0.3502431034482758
1806	6q9y	-10.10685	28	Smina	-0.3609589285714286
2195	6q9y	-10.08979	28	Smina	-0.3603496428571429
1846	6q9y	-10.08797	30	Smina	-0.3362656666666667
382	6e43	-12.18328	28	Smina	-0.4351171428571428
2134	6e43	-12.12661	32	Smina	-0.3789565625
847	6e43	-11.72704	30	Smina	-0.3909013333333334
814	6e43	-11.6557	30	Smina	-0.3885233333333333
1486	6e43	-11.6557	30	Smina	-0.3885233333333333
2375	6e43	-11.64857	33	Smina	-0.3529869696969697
1690	6e43	-11.53455	31	Smina	-0.3720822580645161
886	6e43	-11.47987	28	Smina	-0.4099953571428571
136	6e43	-11.38213	28	Smina	-0.4065046428571429
1282	6e43	-11.38213	28	Smina	-0.4065046428571429
1044	6e43	-11.38187	29	Smina	-0.3924782758620689
278	6e43	-11.37171	27	Smina	-0.4211744444444444
1027	6e43	-11.36506	32	Smina	-0.355158125
1927	6e43	-11.34932	32	Smina	-0.35466625
294	6e43	-11.34421	30	Smina	-0.3781403333333333
1506	6e43	-11.32559	30	Smina	-0.3775196666666666
2359	6e43	-11.30304	28	Smina	-0.40368
1894	6e43	-11.27433	24	Smina	-0.46976375
416	6e43	-11.25349	30	Smina	-0.3751163333333333
2195	6e43	-11.23384	28	Smina	-0.4012085714285714
1372	6e43	-11.18606	28	Smina	-0.3995021428571428
767	6e43	-11.15935	30	Smina	-0.3719783333333333
11	6e43	-11.15119	32	Smina	-0.3484746875
1466	6e43	-11.10802	28	Smina	-0.396715
2043	6e43	-11.09813	30	Smina	-0.3699376666666666
2377	6e43	-11.03083	33	Smina	-0.3342675757575757
213	6e43	-10.98642	24	Smina	-0.4577675
2063	6e43	-10.96451	30	Smina	-0.3654836666666667
2285	6e43	-10.95366	31	Smina	-0.3533438709677419
2349	6e43	-10.95214	27	Smina	-0.4056348148148148
483	6e43	-10.93664	30	Smina	-0.3645546666666667
153	6e43	-10.92994	31	Smina	-0.3525787096774194
1536	6e43	-10.9264	30	Smina	-0.3642133333333333
526	6e43	-10.88224	28	Smina	-0.3886514285714285
611	6e43	-10.86358	32	Smina	-0.339486875
1788	6e43	-10.84603	29	Smina	-0.3740010344827586
1711	6e43	-10.82237	30	Smina	-0.3607456666666666
2012	6e43	-10.79451	24	Smina	-0.44977125
381	6e43	-10.7903	28	Smina	-0.3853678571428571
170	6e43	-10.7898	34	Smina	-0.3173470588235294
386	6e43	-10.75335	31	Smina	-0.3468822580645161
18	6e43	-10.753	33	Smina	-0.3258484848484848
362	6e43	-10.72734	35	Smina	-0.3064954285714286
2381	6e43	-10.71353	30	Smina	-0.3571176666666666
797	6e43	-10.70078	28	Smina	-0.3821707142857143
2004	6e43	-10.69914	28	Smina	-0.3821121428571428
2416	6e43	-10.69366	32	Smina	-0.334176875
1337	6e43	-10.69195	30	Smina	-0.3563983333333333
33	6e43	-10.68212	30	Smina	-0.3560706666666666
2116	6e43	-10.68212	30	Smina	-0.3560706666666666
2359	3sx0	-12.05771	28	Smina	-0.4306325
1130	3sx0	-10.78857	26	Smina	-0.414945
1533	3sx0	-10.67934	28	Smina	-0.381405
1535	3sx0	-10.58995	28	Smina	-0.3782125
1689	3sx0	-10.57556	29	Smina	-0.3646744827586207
2043	3sx0	-10.54766	30	Smina	-0.3515886666666666
400	3sx0	-10.46433	29	Smina	-0.3608389655172414
294	3sx0	-10.39537	30	Smina	-0.3465123333333333
33	3sx0	-10.39102	30	Smina	-0.3463673333333333
2116	3sx0	-10.39102	30	Smina	-0.3463673333333333
2134	3sx0	-10.36617	32	Smina	-0.3239428125
421	3sx0	-10.3555	26	Smina	-0.3982884615384615
37	3sx0	-10.32313	26	Smina	-0.3970434615384616
1133	3sx0	-10.27536	29	Smina	-0.3543227586206896
874	3sx0	-10.26295	28	Smina	-0.3665339285714286
1506	3sx0	-10.25699	30	Smina	-0.3418996666666666
426	3sx0	-10.25093	27	Smina	-0.3796640740740741
1969	3sx0	-10.23548	26	Smina	-0.3936723076923077
872	3sx0	-10.18806	29	Smina	-0.3513124137931034
2330	3sx0	-10.1479	26	Smina	-0.3903038461538461
1220	3sx0	-10.12093	26	Smina	-0.3892665384615384
1206	3sx0	-10.03306	25	Smina	-0.4013224
662	3sx0	-10.01206	24	Smina	-0.4171691666666666
767	3sx0	-9.97919	30	Smina	-0.3326396666666666
526	3sx0	-9.97043	28	Smina	-0.3560867857142857
769	3sx0	-9.9107	26	Smina	-0.3811807692307692
1413	3sx0	-9.90654	24	Smina	-0.4127725
441	3sx0	-9.88768	31	Smina	-0.3189574193548387
886	3sx0	-9.88278	28	Smina	-0.3529564285714285
2375	3sx0	-9.88009	33	Smina	-0.2993966666666666
2195	3sx0	-9.85171	28	Smina	-0.3518467857142857
2381	3sx0	-9.84569	30	Smina	-0.3281896666666666
1594	3sx0	-9.84076	25	Smina	-0.3936304
631	3sx0	-9.83655	26	Smina	-0.3783288461538462
681	3sx0	-9.81352	24	Smina	-0.4088966666666667
201	3sx0	-9.78336	24	Smina	-0.40764
1966	3sx0	-9.7725	26	Smina	-0.3758653846153846
1856	3sx0	-9.7615	29	Smina	-0.3366034482758621
906	3sx0	-9.74736	26	Smina	-0.3748984615384615
1927	3sx0	-9.74213	32	Smina	-0.3044415625
1894	3sx0	-9.74033	24	Smina	-0.4058470833333333
408	3sx0	-9.73965	28	Smina	-0.3478446428571428
1790	3sx0	-9.73881	27	Smina	-0.3606966666666667
320	3sx0	-9.7133	29	Smina	-0.3349413793103448
2419	3sx0	-9.7133	29	Smina	-0.3349413793103448
797	3sx0	-9.7087	28	Smina	-0.3467392857142857
847	3sx0	-9.7032	30	Smina	-0.32344
1355	3sx0	-9.70035	26	Smina	-0.3730903846153846
1315	3sx0	-9.67489	28	Smina	-0.3455317857142857
693	3sx0	-9.66903	30	Smina	-0.322301
991	2jam	-11.35546	32	Smina	-0.354858125
1690	2jam	-10.70776	31	Smina	-0.3454116129032258
1927	2jam	-10.61733	32	Smina	-0.3317915625
2242	2jam	-10.61088	29	Smina	-0.3658924137931034
1930	2jam	-10.55037	32	Smina	-0.3296990625
2375	2jam	-10.52064	33	Smina	-0.3188072727272727
1386	2jam	-10.43919	31	Smina	-0.336748064516129
2416	2jam	-10.38859	32	Smina	-0.3246434375
2134	2jam	-10.32867	32	Smina	-0.3227709375
513	2jam	-10.3174	30	Smina	-0.3439133333333333
1044	2jam	-10.31649	29	Smina	-0.3557410344827586
1691	2jam	-10.30813	33	Smina	-0.3123675757575758
469	2jam	-10.1766	31	Smina	-0.3282774193548387
2043	2jam	-10.16892	30	Smina	-0.338964
1042	2jam	-10.12509	30	Smina	-0.337503
11	2jam	-10.10126	32	Smina	-0.315664375
1657	2jam	-10.09587	31	Smina	-0.3256732258064516
1536	2jam	-10.08597	30	Smina	-0.3361989999999999
1043	2jam	-10.03318	30	Smina	-0.3344393333333333
1491	2jam	-10.00544	33	Smina	-0.3031951515151515
1037	2jam	-9.99318	30	Smina	-0.333106
2363	2jam	-9.9838	30	Smina	-0.3327933333333333
767	2jam	-9.97099	30	Smina	-0.3323663333333334
2177	2jam	-9.96692	29	Smina	-0.3436868965517241
526	2jam	-9.94727	28	Smina	-0.3552596428571428
1518	2jam	-9.93721	28	Smina	-0.3549003571428571
693	2jam	-9.93606	30	Smina	-0.331202
2319	2jam	-9.93606	30	Smina	-0.331202
1744	2jam	-9.93569	30	Smina	-0.3311896666666666
1810	2jam	-9.93173	32	Smina	-0.3103665625
324	2jam	-9.90484	31	Smina	-0.3195109677419355
2285	2jam	-9.90203	31	Smina	-0.3194203225806452
2358	2jam	-9.90146	30	Smina	-0.3300486666666666
1381	2jam	-9.9001	30	Smina	-0.3300033333333333
961	2jam	-9.89694	29	Smina	-0.3412737931034483
776	2jam	-9.88188	34	Smina	-0.2906435294117647
2	2jam	-9.85785	33	Smina	-0.2987227272727272
1533	2jam	-9.85568	28	Smina	-0.3519885714285714
129	2jam	-9.85029	28	Smina	-0.3517960714285714
414	2jam	-9.83116	32	Smina	-0.30722375
1112	2jam	-9.8225	32	Smina	-0.306953125
131	2jam	-9.81787	27	Smina	-0.3636248148148148
1388	2jam	-9.81787	27	Smina	-0.3636248148148148
3	2jam	-9.78459	33	Smina	-0.2965027272727272
1447	2jam	-9.78459	33	Smina	-0.2965027272727272
429	2jam	-9.76635	33	Smina	-0.29595
1355	2jam	-9.73534	26	Smina	-0.3744361538461538
1413	2jam	-9.73464	24	Smina	-0.40561
2284	2jam	-9.73233	32	Smina	-0.3041353125
1835	2jam	-9.72678	30	Smina	-0.324226
294	3npc	-11.24232	30	Smina	-0.3747439999999999
136	3npc	-11.07012	28	Smina	-0.3953614285714285
1282	3npc	-11.07012	28	Smina	-0.3953614285714285
2134	3npc	-10.84788	32	Smina	-0.33899625
1533	3npc	-10.74294	28	Smina	-0.3836764285714286
1535	3npc	-10.62689	28	Smina	-0.3795317857142857
1037	3npc	-10.52932	30	Smina	-0.3509773333333333
1927	3npc	-10.4809	32	Smina	-0.327528125
382	3npc	-10.45124	28	Smina	-0.3732585714285714
386	3npc	-10.36913	31	Smina	-0.334488064516129
886	3npc	-10.3471	28	Smina	-0.3695392857142857
414	3npc	-10.34551	32	Smina	-0.3232971875
2079	3npc	-10.28497	29	Smina	-0.3546541379310344
1976	3npc	-10.27045	25	Smina	-0.410818
872	3npc	-10.22486	29	Smina	-0.3525813793103448
769	3npc	-10.22199	26	Smina	-0.3931534615384615
137	3npc	-10.16978	24	Smina	-0.4237408333333333
1112	3npc	-10.14722	32	Smina	-0.317100625
1745	3npc	-10.1259	30	Smina	-0.33753
874	3npc	-10.11248	28	Smina	-0.36116
693	3npc	-10.11231	30	Smina	-0.337077
2319	3npc	-10.11231	30	Smina	-0.337077
1689	3npc	-10.1083	29	Smina	-0.3485620689655172
526	3npc	-10.1048	28	Smina	-0.3608857142857142
243	3npc	-10.10369	28	Smina	-0.3608460714285714
767	3npc	-10.07741	30	Smina	-0.3359136666666666
1413	3npc	-10.05957	24	Smina	-0.41914875
1133	3npc	-10.01917	29	Smina	-0.3454886206896552
1355	3npc	-10.00535	26	Smina	-0.3848211538461538
2357	3npc	-9.99461	32	Smina	-0.3123315625
416	3npc	-9.99146	30	Smina	-0.3330486666666666
1056	3npc	-9.96686	30	Smina	-0.3322286666666666
2043	3npc	-9.95864	30	Smina	-0.3319546666666667
411	3npc	-9.95788	31	Smina	-0.3212219354838709
1511	3npc	-9.95788	31	Smina	-0.3212219354838709
2359	3npc	-9.91061	28	Smina	-0.3539503571428571
1531	3npc	-9.88736	27	Smina	-0.3661985185185185
302	3npc	-9.85592	27	Smina	-0.365034074074074
2063	3npc	-9.85129	30	Smina	-0.3283763333333333
1506	3npc	-9.85079	30	Smina	-0.3283596666666666
699	3npc	-9.79213	30	Smina	-0.3264043333333333
1816	3npc	-9.7808	35	Smina	-0.2794514285714286
1271	3npc	-9.77822	31	Smina	-0.3154264516129032
2284	3npc	-9.73099	32	Smina	-0.3040934375
2177	3npc	-9.72804	29	Smina	-0.3354496551724138
1381	3npc	-9.72104	30	Smina	-0.3240346666666667
37	3npc	-9.71852	26	Smina	-0.3737892307692307
2375	3npc	-9.715	33	Smina	-0.2943939393939394
395	3npc	-9.71045	28	Smina	-0.3468017857142857
847	3npc	-9.70918	30	Smina	-0.3236393333333333
1691	6s1j	-11.23535	33	Smina	-0.3404651515151515
1329	6s1j	-11.21117	27	Smina	-0.4152285185185185
961	6s1j	-11.08964	29	Smina	-0.3824013793103448
152	6s1j	-11.0385	26	Smina	-0.4245576923076923
1927	6s1j	-11.02937	32	Smina	-0.3446678125
1413	6s1j	-11.0149	24	Smina	-0.4589541666666667
2334	6s1j	-10.85499	30	Smina	-0.361833
428	6s1j	-10.84068	27	Smina	-0.4015066666666667
776	6s1j	-10.83462	34	Smina	-0.318665294117647
1991	6s1j	-10.79399	29	Smina	-0.3722065517241379
2195	6s1j	-10.79352	28	Smina	-0.3854828571428571
2358	6s1j	-10.73636	30	Smina	-0.3578786666666666
2210	6s1j	-10.7185	31	Smina	-0.345758064516129
991	6s1j	-10.6872	32	Smina	-0.333975
1037	6s1j	-10.66698	30	Smina	-0.355566
2063	6s1j	-10.65059	30	Smina	-0.3550196666666666
2043	6s1j	-10.56677	30	Smina	-0.3522256666666666
1056	6s1j	-10.55424	30	Smina	-0.351808
1518	6s1j	-10.52599	28	Smina	-0.3759282142857142
2242	6s1j	-10.51058	29	Smina	-0.3624337931034482
426	6s1j	-10.45503	27	Smina	-0.3872233333333333
767	6s1j	-10.45001	30	Smina	-0.3483336666666667
1061	6s1j	-10.4495	30	Smina	-0.3483166666666666
1666	6s1j	-10.4495	30	Smina	-0.3483166666666666
2285	6s1j	-10.43856	31	Smina	-0.3367277419354839
381	6s1j	-10.43315	28	Smina	-0.3726124999999999
2184	6s1j	-10.42984	28	Smina	-0.3724942857142857
26	6s1j	-10.40601	25	Smina	-0.4162404
1804	6s1j	-10.40516	26	Smina	-0.4001984615384615
513	6s1j	-10.40349	30	Smina	-0.346783
1516	6s1j	-10.40038	27	Smina	-0.3851992592592592
872	6s1j	-10.34953	29	Smina	-0.3568803448275862
2416	6s1j	-10.33625	32	Smina	-0.3230078125
1895	6s1j	-10.30415	31	Smina	-0.3323919354838709
1386	6s1j	-10.30085	31	Smina	-0.3322854838709677
2373	6s1j	-10.29821	28	Smina	-0.3677932142857142
2266	6s1j	-10.28498	26	Smina	-0.3955761538461538
2134	6s1j	-10.26856	32	Smina	-0.3208925
1133	6s1j	-10.26265	29	Smina	-0.3538844827586207
1506	6s1j	-10.25324	30	Smina	-0.3417746666666666
1816	6s1j	-10.24961	35	Smina	-0.292846
1027	6s1j	-10.24858	32	Smina	-0.320268125
1444	6s1j	-10.24356	29	Smina	-0.3532262068965517
693	6s1j	-10.21123	30	Smina	-0.3403743333333333
2319	6s1j	-10.21123	30	Smina	-0.3403743333333333
1966	6s1j	-10.20565	26	Smina	-0.392525
1690	6s1j	-10.18844	31	Smina	-0.3286593548387096
1835	6s1j	-10.1807	30	Smina	-0.3393566666666666
293	6s1j	-10.17834	26	Smina	-0.3914746153846154
1337	6s1j	-10.1758	30	Smina	-0.3391933333333333
429	5l4q	-11.01079	33	Smina	-0.333660303030303
596	5l4q	-10.87658	28	Smina	-0.3884492857142857
2134	5l4q	-10.69513	32	Smina	-0.3342228125
2177	5l4q	-10.66426	29	Smina	-0.3677331034482758
1930	5l4q	-10.48818	32	Smina	-0.327755625
1386	5l4q	-10.48186	31	Smina	-0.3381245161290322
2416	5l4q	-10.41231	32	Smina	-0.3253846875
136	5l4q	-10.4094	28	Smina	-0.3717642857142857
1282	5l4q	-10.4094	28	Smina	-0.3717642857142857
1927	5l4q	-10.35243	32	Smina	-0.3235134375
2359	5l4q	-10.29534	28	Smina	-0.3676907142857142
513	5l4q	-10.27761	30	Smina	-0.342587
961	5l4q	-10.23242	29	Smina	-0.3528420689655172
991	5l4q	-10.17409	32	Smina	-0.3179403125
2242	5l4q	-10.12367	29	Smina	-0.3490920689655172
2063	5l4q	-10.09802	30	Smina	-0.3366006666666666
1130	5l4q	-10.09456	26	Smina	-0.3882523076923077
1691	5l4q	-10.09442	33	Smina	-0.3058915151515151
1806	5l4q	-10.08489	28	Smina	-0.3601746428571428
956	5l4q	-10.04693	27	Smina	-0.3721085185185185
386	5l4q	-10.042	31	Smina	-0.3239354838709677
1533	5l4q	-10.026	28	Smina	-0.3580714285714285
1329	5l4q	-10.02146	27	Smina	-0.3711651851851851
1535	5l4q	-9.97176	28	Smina	-0.3561342857142857
2079	5l4q	-9.95182	29	Smina	-0.3431662068965517
767	5l4q	-9.94743	30	Smina	-0.331581
473	5l4q	-9.90801	29	Smina	-0.3416555172413793
2375	5l4q	-9.90772	33	Smina	-0.3002339393939394
1491	5l4q	-9.89945	33	Smina	-0.2999833333333333
1690	5l4q	-9.87939	31	Smina	-0.31869
1042	5l4q	-9.87237	30	Smina	-0.329079
1689	5l4q	-9.86024	29	Smina	-0.3400082758620689
699	5l4q	-9.84172	30	Smina	-0.3280573333333333
1976	5l4q	-9.78346	25	Smina	-0.3913384
1337	5l4q	-9.77518	30	Smina	-0.3258393333333333
37	5l4q	-9.76965	26	Smina	-0.3757557692307692
872	5l4q	-9.76279	29	Smina	-0.3366479310344827
1790	5l4q	-9.76014	27	Smina	-0.3614866666666667
677	5l4q	-9.73706	27	Smina	-0.3606318518518518
2103	5l4q	-9.73706	27	Smina	-0.3606318518518518
152	5l4q	-9.72799	26	Smina	-0.3741534615384615
1381	5l4q	-9.71797	30	Smina	-0.3239323333333333
11	5l4q	-9.71731	32	Smina	-0.3036659375
783	5l4q	-9.70735	34	Smina	-0.285510294117647
631	5l4q	-9.7062	26	Smina	-0.3733153846153846
693	5l4q	-9.69886	30	Smina	-0.3232953333333333
2319	5l4q	-9.69886	30	Smina	-0.3232953333333333
1434	5l4q	-9.69572	26	Smina	-0.3729123076923076
1586	5l4q	-9.68423	27	Smina	-0.3586751851851851
2349	5l4q	-9.68133	27	Smina	-0.3585677777777778
1533	3elj	-10.77691	28	Smina	-0.3848896428571429
1535	3elj	-10.70463	28	Smina	-0.3823082142857142
513	3elj	-10.44507	30	Smina	-0.348169
429	3elj	-10.34493	33	Smina	-0.3134827272727272
1271	3elj	-10.24841	31	Smina	-0.3305938709677419
1491	3elj	-10.22627	33	Smina	-0.3098869696969696
1133	3elj	-10.21972	29	Smina	-0.3524041379310345
153	3elj	-10.17764	31	Smina	-0.3283109677419354
1927	3elj	-10.1595	32	Smina	-0.317484375
1329	3elj	-10.13211	27	Smina	-0.3752633333333333
596	3elj	-10.0802	28	Smina	-0.3600071428571428
1835	3elj	-10.0779	30	Smina	-0.33593
767	3elj	-10.07117	30	Smina	-0.3357056666666667
2063	3elj	-10.02929	30	Smina	-0.3343096666666666
441	3elj	-10.01989	31	Smina	-0.3232222580645161
1343	3elj	-9.99619	34	Smina	-0.2940055882352941
1506	3elj	-9.98144	30	Smina	-0.3327146666666666
18	3elj	-9.97758	33	Smina	-0.302350909090909
1622	3elj	-9.96915	27	Smina	-0.3692277777777778
6	3elj	-9.96809	30	Smina	-0.3322696666666667
11	3elj	-9.96024	32	Smina	-0.3112575
293	3elj	-9.94694	26	Smina	-0.3825746153846153
1744	3elj	-9.9299	30	Smina	-0.3309966666666666
2375	3elj	-9.92506	33	Smina	-0.3007593939393939
1314	3elj	-9.89549	29	Smina	-0.3412237931034483
1434	3elj	-9.89404	26	Smina	-0.38054
797	3elj	-9.87692	28	Smina	-0.3527471428571428
37	3elj	-9.87353	26	Smina	-0.3797511538461539
152	3elj	-9.87019	26	Smina	-0.3796226923076923
1804	3elj	-9.85278	26	Smina	-0.3789530769230769
699	3elj	-9.84189	30	Smina	-0.328063
26	3elj	-9.82783	25	Smina	-0.3931132
2184	3elj	-9.82693	28	Smina	-0.3509617857142857
961	3elj	-9.80885	29	Smina	-0.3382362068965517
1788	3elj	-9.79046	29	Smina	-0.3376020689655172
2012	3elj	-9.79012	24	Smina	-0.4079216666666667
17	3elj	-9.78716	34	Smina	-0.2878576470588235
2381	3elj	-9.73989	30	Smina	-0.324663
483	3elj	-9.73411	30	Smina	-0.3244703333333333
1040	3elj	-9.73327	34	Smina	-0.2862726470588235
1928	3elj	-9.72718	27	Smina	-0.3602659259259259
1976	3elj	-9.72471	25	Smina	-0.3889884
1689	3elj	-9.71762	29	Smina	-0.3350903448275862
324	3elj	-9.71067	31	Smina	-0.3132474193548387
1806	3elj	-9.69761	28	Smina	-0.3463432142857142
213	3elj	-9.68465	24	Smina	-0.4035270833333333
1745	3elj	-9.65957	30	Smina	-0.3219856666666666
1865	3elj	-9.65541	28	Smina	-0.3448360714285714
1413	3elj	-9.64589	24	Smina	-0.4019120833333333
677	3elj	-9.60123	27	Smina	-0.3556011111111111
2375	4x21	-10.57268	33	Smina	-0.3203842424242424
1491	4x21	-10.36772	33	Smina	-0.3141733333333333
1927	4x21	-10.33371	32	Smina	-0.3229284375
2063	4x21	-10.09645	30	Smina	-0.3365483333333333
1037	4x21	-10.04315	30	Smina	-0.3347716666666667
513	4x21	-10.01256	30	Smina	-0.333752
1506	4x21	-9.93194	30	Smina	-0.3310646666666667
611	4x21	-9.92092	32	Smina	-0.31002875
2043	4x21	-9.88023	30	Smina	-0.329341
1816	4x21	-9.85933	35	Smina	-0.2816951428571428
1691	4x21	-9.8586	33	Smina	-0.2987454545454545
1810	4x21	-9.83547	32	Smina	-0.3073584375
2334	4x21	-9.82212	30	Smina	-0.327404
1056	4x21	-9.77038	30	Smina	-0.3256793333333333
6	4x21	-9.71649	30	Smina	-0.323883
1516	4x21	-9.69196	27	Smina	-0.3589614814814815
429	4x21	-9.6677	33	Smina	-0.292960606060606
1657	4x21	-9.64854	31	Smina	-0.3112432258064516
699	4x21	-9.63422	30	Smina	-0.3211406666666666
414	4x21	-9.61978	32	Smina	-0.300618125
1386	4x21	-9.61375	31	Smina	-0.3101209677419355
11	4x21	-9.57224	32	Smina	-0.2991325
1806	4x21	-9.56716	28	Smina	-0.3416842857142857
1027	4x21	-9.52665	32	Smina	-0.2977078125
1745	4x21	-9.52272	30	Smina	-0.317424
526	4x21	-9.51765	28	Smina	-0.3399160714285714
767	4x21	-9.5112	30	Smina	-0.31704
469	4x21	-9.49893	31	Smina	-0.3064170967741935
1586	4x21	-9.49256	27	Smina	-0.3515762962962963
2242	4x21	-9.48685	29	Smina	-0.3271327586206897
961	4x21	-9.47473	29	Smina	-0.3267148275862068
278	4x21	-9.4732	27	Smina	-0.3508592592592592
2195	4x21	-9.4625	28	Smina	-0.3379464285714286
131	4x21	-9.45963	27	Smina	-0.3503566666666667
1388	4x21	-9.45963	27	Smina	-0.3503566666666667
1690	4x21	-9.45399	31	Smina	-0.3049674193548387
1329	4x21	-9.44508	27	Smina	-0.3498177777777778
416	4x21	-9.42989	30	Smina	-0.3143296666666667
408	4x21	-9.42825	28	Smina	-0.3367232142857143
1477	4x21	-9.42057	34	Smina	-0.2770755882352941
2335	4x21	-9.41325	34	Smina	-0.276860294117647
2136	4x21	-9.40891	31	Smina	-0.3035132258064516
483	4x21	-9.40707	30	Smina	-0.313569
2004	4x21	-9.39003	28	Smina	-0.3353582142857143
26	4x21	-9.3808	25	Smina	-0.375232
2416	4x21	-9.37429	32	Smina	-0.2929465625
677	4x21	-9.37218	27	Smina	-0.3471177777777778
2103	4x21	-9.37218	27	Smina	-0.3471177777777778
1960	4x21	-9.37215	28	Smina	-0.3347196428571428
1112	4x21	-9.34858	32	Smina	-0.292143125
2043	3e7o	-9.83186	30	Smina	-0.3277286666666666
152	3e7o	-9.78104	26	Smina	-0.3761938461538462
1927	3e7o	-9.59742	32	Smina	-0.299919375
1516	3e7o	-9.56442	27	Smina	-0.3542377777777777
2359	3e7o	-9.47656	28	Smina	-0.3384485714285714
1329	3e7o	-9.44488	27	Smina	-0.3498103703703703
767	3e7o	-9.42466	30	Smina	-0.3141553333333333
11	3e7o	-9.41351	32	Smina	-0.2941721875
1506	3e7o	-9.4084	30	Smina	-0.3136133333333333
1477	3e7o	-9.35872	34	Smina	-0.2752564705882352
278	3e7o	-9.32064	27	Smina	-0.3452088888888888
2416	3e7o	-9.31407	32	Smina	-0.2910646875
2375	3e7o	-9.30602	33	Smina	-0.282000606060606
1386	3e7o	-9.29476	31	Smina	-0.2998309677419354
1413	3e7o	-9.21227	24	Smina	-0.3838445833333333
1689	3e7o	-9.18543	29	Smina	-0.3167389655172414
1691	3e7o	-9.14911	33	Smina	-0.2772457575757576
386	3e7o	-9.14175	31	Smina	-0.2948951612903225
1631	3e7o	-9.13307	28	Smina	-0.3261810714285714
1133	3e7o	-9.10772	29	Smina	-0.3140593103448276
1966	3e7o	-9.10666	26	Smina	-0.3502561538461538
513	3e7o	-9.0881	30	Smina	-0.3029366666666667
776	3e7o	-9.0781	34	Smina	-0.2670029411764705
1056	3e7o	-9.07751	30	Smina	-0.3025836666666667
591	3e7o	-9.05963	22	Smina	-0.4118013636363636
471	3e7o	-9.04832	27	Smina	-0.3351229629629629
1381	3e7o	-9.02852	30	Smina	-0.3009506666666667
429	3e7o	-9.02192	33	Smina	-0.2733915151515151
26	3e7o	-9.0194	25	Smina	-0.360776
991	3e7o	-8.99803	32	Smina	-0.2811884375
1491	3e7o	-8.99479	33	Smina	-0.2725693939393939
106	3e7o	-8.96188	28	Smina	-0.3200671428571429
2033	3e7o	-8.96188	28	Smina	-0.3200671428571429
2063	3e7o	-8.95849	30	Smina	-0.2986163333333333
1804	3e7o	-8.95847	26	Smina	-0.3445565384615384
1444	3e7o	-8.95715	29	Smina	-0.3088672413793104
1930	3e7o	-8.95513	32	Smina	-0.2798478125
1806	3e7o	-8.95246	28	Smina	-0.3197307142857143
1958	3e7o	-8.95092	27	Smina	-0.3315155555555555
693	3e7o	-8.94628	30	Smina	-0.2982093333333333
2319	3e7o	-8.94628	30	Smina	-0.2982093333333333
293	3e7o	-8.9431	26	Smina	-0.3439653846153846
2330	3e7o	-8.94072	26	Smina	-0.3438738461538462
1536	3e7o	-8.93887	30	Smina	-0.2979623333333333
699	3e7o	-8.9266	30	Smina	-0.2975533333333333
1553	3e7o	-8.92147	25	Smina	-0.3568588
526	3e7o	-8.9145	28	Smina	-0.318375
2195	3e7o	-8.90514	28	Smina	-0.3180407142857143
1976	3e7o	-8.90266	25	Smina	-0.3561064
130	3e7o	-8.89672	27	Smina	-0.3295081481481481
2375	2qfa	-9.77582	33	Smina	-0.2962369696969696
2359	2qfa	-9.52284	28	Smina	-0.3401014285714286
1927	2qfa	-9.4818	32	Smina	-0.29630625
767	2qfa	-9.4439	30	Smina	-0.3147966666666666
991	2qfa	-9.39424	32	Smina	-0.29357
1037	2qfa	-9.26703	30	Smina	-0.308901
1744	2qfa	-9.18845	30	Smina	-0.3062816666666667
1386	2qfa	-9.16209	31	Smina	-0.2955512903225806
1745	2qfa	-9.14449	30	Smina	-0.3048163333333333
872	2qfa	-9.14206	29	Smina	-0.3152434482758621
2242	2qfa	-9.11654	29	Smina	-0.3143634482758621
2358	2qfa	-9.11488	30	Smina	-0.3038293333333333
2177	2qfa	-9.11334	29	Smina	-0.3142531034482759
1691	2qfa	-8.99849	33	Smina	-0.2726815151515152
526	2qfa	-8.96614	28	Smina	-0.3202192857142857
382	2qfa	-8.96513	28	Smina	-0.3201832142857143
1076	2qfa	-8.95905	28	Smina	-0.3199660714285714
1266	2qfa	-8.95307	26	Smina	-0.3443488461538461
2043	2qfa	-8.93722	30	Smina	-0.2979073333333333
1689	2qfa	-8.91701	29	Smina	-0.3074831034482758
886	2qfa	-8.8957	28	Smina	-0.3177035714285714
1893	2qfa	-8.878	26	Smina	-0.3414615384615385
136	2qfa	-8.84052	28	Smina	-0.3157328571428571
1282	2qfa	-8.84052	28	Smina	-0.3157328571428571
1506	2qfa	-8.82724	30	Smina	-0.2942413333333333
2063	2qfa	-8.82043	30	Smina	-0.2940143333333333
699	2qfa	-8.80462	30	Smina	-0.2934873333333333
385	2qfa	-8.80166	28	Smina	-0.314345
874	2qfa	-8.7718	28	Smina	-0.3132785714285714
1790	2qfa	-8.75566	27	Smina	-0.3242837037037037
2330	2qfa	-8.72647	26	Smina	-0.3356334615384616
429	2qfa	-8.71503	33	Smina	-0.2640918181818182
408	2qfa	-8.71127	28	Smina	-0.3111167857142857
2361	2qfa	-8.70341	27	Smina	-0.3223485185185185
2364	2qfa	-8.6998	32	Smina	-0.27186875
131	2qfa	-8.69574	27	Smina	-0.3220644444444445
1388	2qfa	-8.69574	27	Smina	-0.3220644444444445
693	2qfa	-8.69546	30	Smina	-0.2898486666666667
2319	2qfa	-8.69546	30	Smina	-0.2898486666666667
201	2qfa	-8.68919	24	Smina	-0.3620495833333333
2134	2qfa	-8.66441	32	Smina	-0.2707628125
1789	2qfa	-8.66324	27	Smina	-0.3208607407407407
2267	2qfa	-8.60853	26	Smina	-0.3310973076923077
1816	2qfa	-8.60382	35	Smina	-0.2458234285714285
1711	2qfa	-8.55157	30	Smina	-0.2850523333333333
411	2qfa	-8.54728	31	Smina	-0.2757187096774193
1511	2qfa	-8.54728	31	Smina	-0.2757187096774193
1894	2qfa	-8.54537	24	Smina	-0.3560570833333333
1355	2qfa	-8.54352	26	Smina	-0.328596923076923
1958	2qfa	-8.518	27	Smina	-0.3154814814814815
1927	4agl	-8.67202	32	Smina	-0.271000625
2359	4agl	-8.48078	28	Smina	-0.3028849999999999
2134	4agl	-8.44277	32	Smina	-0.2638365625
991	4agl	-8.32116	32	Smina	-0.26003625
2358	4agl	-8.03667	30	Smina	-0.267889
2043	4agl	-8.02156	30	Smina	-0.2673853333333333
441	4agl	-7.98725	31	Smina	-0.2576532258064516
1976	4agl	-7.91908	25	Smina	-0.3167632
1816	4agl	-7.82823	35	Smina	-0.2236637142857142
1130	4agl	-7.73638	26	Smina	-0.2975530769230769
874	4agl	-7.72518	28	Smina	-0.2758992857142857
2334	4agl	-7.72227	30	Smina	-0.257409
1266	4agl	-7.71567	26	Smina	-0.2967565384615385
2375	4agl	-7.71083	33	Smina	-0.2336615151515151
886	4agl	-7.68938	28	Smina	-0.2746207142857143
800	4agl	-7.68	28	Smina	-0.2742857142857143
1337	4agl	-7.64243	30	Smina	-0.2547476666666666
1571	4agl	-7.63982	28	Smina	-0.2728507142857143
1381	4agl	-7.59834	30	Smina	-0.253278
471	4agl	-7.52987	27	Smina	-0.278884074074074
1676	4agl	-7.51157	23	Smina	-0.32659
382	4agl	-7.50501	28	Smina	-0.2680360714285714
526	4agl	-7.50128	28	Smina	-0.2679028571428571
386	4agl	-7.48177	31	Smina	-0.2413474193548387
1533	4agl	-7.42736	28	Smina	-0.2652628571428571
2079	4agl	-7.40296	29	Smina	-0.2552744827586207
1056	4agl	-7.39856	30	Smina	-0.2466186666666666
2063	4agl	-7.39753	30	Smina	-0.2465843333333333
1535	4agl	-7.37707	28	Smina	-0.2634667857142857
1744	4agl	-7.36455	30	Smina	-0.245485
1894	4agl	-7.35851	24	Smina	-0.3066045833333333
513	4agl	-7.35428	30	Smina	-0.2451426666666666
2242	4agl	-7.34666	29	Smina	-0.2533331034482758
624	4agl	-7.34432	22	Smina	-0.3338327272727273
1690	4agl	-7.33869	31	Smina	-0.2367319354838709
2121	4agl	-7.32205	29	Smina	-0.2524844827586207
136	4agl	-7.31867	28	Smina	-0.2613810714285714
1282	4agl	-7.31867	28	Smina	-0.2613810714285714
783	4agl	-7.30357	34	Smina	-0.2148108823529411
473	4agl	-7.30126	29	Smina	-0.2517675862068965
429	4agl	-7.29314	33	Smina	-0.2210042424242424
1114	4agl	-7.28532	27	Smina	-0.2698266666666666
1008	4agl	-7.28406	27	Smina	-0.26978
1930	4agl	-7.28012	32	Smina	-0.22750375
1630	4agl	-7.27864	35	Smina	-0.2079611428571428
1660	4agl	-7.27314	31	Smina	-0.2346174193548387
1706	4agl	-7.27134	22	Smina	-0.3305154545454545
1100	4agl	-7.27055	25	Smina	-0.290822
2416	4agl	-7.26989	32	Smina	-0.2271840625
138	4agl	-7.26404	24	Smina	-0.3026683333333333
2	3sx0	-11.99	33	LeDock	-0.3633333333333333
294	3sx0	-11.75	30	LeDock	-0.3916666666666666
1231	3sx0	-11.25	33	LeDock	-0.3409090909090909
1130	3sx0	-10.77	26	LeDock	-0.4142307692307692
631	3sx0	-9.69	26	LeDock	-0.3726923076923076
2116	3sx0	-9.62	30	LeDock	-0.3206666666666666
906	3sx0	-9.47	26	LeDock	-0.3642307692307692
1535	3sx0	-9.41	28	LeDock	-0.3360714285714286
2358	3sx0	-9.4	30	LeDock	-0.3133333333333333
441	3sx0	-9.34	31	LeDock	-0.3012903225806451
513	3sx0	-9.32	30	LeDock	-0.3106666666666667
459	3sx0	-9.26	27	LeDock	-0.3429629629629629
1533	3sx0	-9.23	28	LeDock	-0.3296428571428572
429	3sx0	-9.18	33	LeDock	-0.2781818181818182
1271	3sx0	-9.17	31	LeDock	-0.2958064516129032
2420	3sx0	-9.13	27	LeDock	-0.3381481481481482
2003	3sx0	-9.06	28	LeDock	-0.3235714285714285
18	3sx0	-9.05	33	LeDock	-0.2742424242424243
1518	3sx0	-9.0	28	LeDock	-0.3214285714285714
662	3sx0	-8.97	24	LeDock	-0.37375
2164	3sx0	-8.97	24	LeDock	-0.37375
35	3sx0	-8.96	30	LeDock	-0.2986666666666667
3	3sx0	-8.9	33	LeDock	-0.2696969696969697
1133	3sx0	-8.79	29	LeDock	-0.303103448275862
1466	3sx0	-8.75	28	LeDock	-0.3125
526	3sx0	-8.73	28	LeDock	-0.3117857142857143
626	3sx0	-8.71	28	LeDock	-0.3110714285714286
2359	3sx0	-8.66	28	LeDock	-0.3092857142857143
467	3sx0	-8.65	27	LeDock	-0.3203703703703703
886	3sx0	-8.64	28	LeDock	-0.3085714285714286
1744	3sx0	-8.62	30	LeDock	-0.2873333333333333
20	3sx0	-8.59	32	LeDock	-0.2684375
693	3sx0	-8.57	30	LeDock	-0.2856666666666667
2330	3sx0	-8.52	26	LeDock	-0.3276923076923076
2195	3sx0	-8.45	28	LeDock	-0.3017857142857142
421	3sx0	-8.44	26	LeDock	-0.3246153846153846
865	3sx0	-8.43	29	LeDock	-0.2906896551724138
1516	3sx0	-8.38	27	LeDock	-0.3103703703703704
2134	3sx0	-8.32	32	LeDock	-0.26
924	3sx0	-8.3	28	LeDock	-0.2964285714285714
2319	3sx0	-8.29	30	LeDock	-0.2763333333333333
2281	3sx0	-8.28	32	LeDock	-0.25875
692	3sx0	-8.27	27	LeDock	-0.3062962962962963
408	3sx0	-8.26	28	LeDock	-0.295
200	3sx0	-8.23	20	LeDock	-0.4115
2043	3sx0	-8.23	30	LeDock	-0.2743333333333334
716	3sx0	-8.22	28	LeDock	-0.2935714285714286
861	3sx0	-8.2	30	LeDock	-0.2733333333333333
1435	3sx0	-8.18	30	LeDock	-0.2726666666666666
2103	3sx0	-8.16	27	LeDock	-0.3022222222222222
6	3npc	-10.75	30	LeDock	-0.3583333333333333
2134	3npc	-10.69	32	LeDock	-0.3340625
411	3npc	-10.57	31	LeDock	-0.3409677419354839
294	3npc	-10.49	30	LeDock	-0.3496666666666667
17	3npc	-10.13	34	LeDock	-0.2979411764705882
1511	3npc	-10.05	31	LeDock	-0.3241935483870968
1231	3npc	-9.85	33	LeDock	-0.2984848484848484
414	3npc	-9.81	32	LeDock	-0.3065625
1343	3npc	-9.8	34	LeDock	-0.2882352941176471
1299	3npc	-9.75	33	LeDock	-0.2954545454545454
11	3npc	-9.73	32	LeDock	-0.3040625
886	3npc	-9.69	28	LeDock	-0.3460714285714285
416	3npc	-9.67	30	LeDock	-0.3223333333333333
2	3npc	-9.61	33	LeDock	-0.2912121212121212
513	3npc	-9.57	30	LeDock	-0.319
382	3npc	-9.44	28	LeDock	-0.3371428571428571
1447	3npc	-9.42	33	LeDock	-0.2854545454545454
408	3npc	-9.29	28	LeDock	-0.3317857142857142
386	3npc	-9.28	31	LeDock	-0.2993548387096774
483	3npc	-9.22	30	LeDock	-0.3073333333333333
1436	3npc	-9.2	31	LeDock	-0.2967741935483871
2284	3npc	-9.19	32	LeDock	-0.2871875
3	3npc	-9.16	33	LeDock	-0.2775757575757576
485	3npc	-9.09	33	LeDock	-0.2754545454545454
1466	3npc	-9.01	28	LeDock	-0.3217857142857143
1506	3npc	-9.01	30	LeDock	-0.3003333333333333
2319	3npc	-9.0	30	LeDock	-0.3
1846	3npc	-8.97	30	LeDock	-0.299
18	3npc	-8.87	33	LeDock	-0.2687878787878787
2330	3npc	-8.86	26	LeDock	-0.3407692307692307
5	3npc	-8.71	35	LeDock	-0.2488571428571429
20	3npc	-8.65	32	LeDock	-0.2703125
693	3npc	-8.62	30	LeDock	-0.2873333333333333
1248	3npc	-8.61	20	LeDock	-0.4305
1676	3npc	-8.54	23	LeDock	-0.3713043478260869
1314	3npc	-8.48	29	LeDock	-0.2924137931034483
429	3npc	-8.47	33	LeDock	-0.2566666666666667
1130	3npc	-8.47	26	LeDock	-0.3257692307692308
4	3npc	-8.46	31	LeDock	-0.2729032258064516
1271	3npc	-8.46	31	LeDock	-0.2729032258064516
906	3npc	-8.45	26	LeDock	-0.3249999999999999
1051	3npc	-8.42	27	LeDock	-0.3118518518518518
441	3npc	-8.41	31	LeDock	-0.2712903225806451
526	3npc	-8.41	28	LeDock	-0.3003571428571429
1856	3npc	-8.39	29	LeDock	-0.2893103448275862
991	3npc	-8.38	32	LeDock	-0.261875
1056	3npc	-8.36	30	LeDock	-0.2786666666666667
1732	3npc	-8.36	27	LeDock	-0.3096296296296296
412	3npc	-8.34	31	LeDock	-0.2690322580645161
1315	3npc	-8.32	28	LeDock	-0.2971428571428571
294	3elj	-10.7	30	LeDock	-0.3566666666666666
1436	3elj	-9.86	31	LeDock	-0.3180645161290322
5	3elj	-9.61	35	LeDock	-0.2745714285714286
1299	3elj	-9.41	33	LeDock	-0.2851515151515151
1231	3elj	-9.18	33	LeDock	-0.2781818181818182
3	3elj	-8.92	33	LeDock	-0.2703030303030303
18	3elj	-8.9	33	LeDock	-0.2696969696969697
429	3elj	-8.73	33	LeDock	-0.2645454545454546
1447	3elj	-8.68	33	LeDock	-0.263030303030303
1133	3elj	-8.67	29	LeDock	-0.2989655172413793
1256	3elj	-8.61	29	LeDock	-0.2968965517241379
2134	3elj	-8.61	32	LeDock	-0.2690625
2319	3elj	-8.6	30	LeDock	-0.2866666666666667
706	3elj	-8.43	30	LeDock	-0.2809999999999999
513	3elj	-8.38	30	LeDock	-0.2793333333333334
1381	3elj	-8.38	30	LeDock	-0.2793333333333334
444	3elj	-8.29	31	LeDock	-0.2674193548387096
2103	3elj	-8.29	27	LeDock	-0.307037037037037
17	3elj	-8.28	34	LeDock	-0.2435294117647058
2116	3elj	-8.25	30	LeDock	-0.275
1744	3elj	-8.22	30	LeDock	-0.274
324	3elj	-8.19	31	LeDock	-0.2641935483870967
993	3elj	-8.18	23	LeDock	-0.3556521739130435
1100	3elj	-8.18	25	LeDock	-0.3272
2170	3elj	-8.17	32	LeDock	-0.2553125
1130	3elj	-8.13	26	LeDock	-0.3126923076923077
20	3elj	-8.12	32	LeDock	-0.25375
2375	3elj	-8.08	33	LeDock	-0.2448484848484848
1248	3elj	-8.0	20	LeDock	-0.4
1835	3elj	-7.98	30	LeDock	-0.266
631	3elj	-7.96	26	LeDock	-0.3061538461538461
983	3elj	-7.94	32	LeDock	-0.248125
2267	3elj	-7.89	26	LeDock	-0.3034615384615384
6	3elj	-7.87	30	LeDock	-0.2623333333333333
1314	3elj	-7.87	29	LeDock	-0.2713793103448276
684	3elj	-7.8	26	LeDock	-0.3
1271	3elj	-7.76	31	LeDock	-0.2503225806451613
1856	3elj	-7.76	29	LeDock	-0.2675862068965517
484	3elj	-7.75	34	LeDock	-0.2279411764705882
1691	3elj	-7.75	33	LeDock	-0.2348484848484848
1802	3elj	-7.75	26	LeDock	-0.2980769230769231
11	3elj	-7.74	32	LeDock	-0.241875
1865	3elj	-7.72	28	LeDock	-0.2757142857142857
441	3elj	-7.71	31	LeDock	-0.2487096774193548
421	3elj	-7.68	26	LeDock	-0.2953846153846153
1444	3elj	-7.68	29	LeDock	-0.2648275862068965
320	3elj	-7.66	29	LeDock	-0.2641379310344827
662	3elj	-7.64	24	LeDock	-0.3183333333333333
1008	3elj	-7.64	27	LeDock	-0.2829629629629629
1343	3elj	-7.64	34	LeDock	-0.2247058823529411
294	6e43	-10.26	30	LeDock	-0.3419999999999999
1299	6e43	-9.28	33	LeDock	-0.2812121212121212
17	6e43	-9.21	34	LeDock	-0.2708823529411765
708	6e43	-8.95	29	LeDock	-0.3086206896551723
1711	6e43	-8.84	30	LeDock	-0.2946666666666667
2284	6e43	-8.84	32	LeDock	-0.27625
1435	6e43	-8.71	30	LeDock	-0.2903333333333334
1231	6e43	-8.6	33	LeDock	-0.2606060606060606
1133	6e43	-8.46	29	LeDock	-0.2917241379310345
776	6e43	-8.31	34	LeDock	-0.2444117647058823
1061	6e43	-8.3	30	LeDock	-0.2766666666666666
1043	6e43	-8.23	30	LeDock	-0.2743333333333334
999	6e43	-8.22	34	LeDock	-0.2417647058823529
1506	6e43	-8.22	30	LeDock	-0.274
441	6e43	-8.21	31	LeDock	-0.2648387096774194
1691	6e43	-8.2	33	LeDock	-0.2484848484848484
1466	6e43	-8.16	28	LeDock	-0.2914285714285714
243	6e43	-8.13	28	LeDock	-0.2903571428571428
1113	6e43	-8.13	28	LeDock	-0.2903571428571428
1337	6e43	-8.13	30	LeDock	-0.271
2072	6e43	-8.1	27	LeDock	-0.3
814	6e43	-8.08	30	LeDock	-0.2693333333333333
2	6e43	-8.07	33	LeDock	-0.2445454545454545
1343	6e43	-8.0	34	LeDock	-0.2352941176470588
6	6e43	-7.98	30	LeDock	-0.266
2335	6e43	-7.98	34	LeDock	-0.2347058823529411
33	6e43	-7.97	30	LeDock	-0.2656666666666666
2134	6e43	-7.96	32	LeDock	-0.24875
1271	6e43	-7.95	31	LeDock	-0.2564516129032258
2330	6e43	-7.94	26	LeDock	-0.3053846153846154
3	6e43	-7.91	33	LeDock	-0.2396969696969697
924	6e43	-7.9	28	LeDock	-0.2821428571428571
1447	6e43	-7.88	33	LeDock	-0.2387878787878787
416	6e43	-7.86	30	LeDock	-0.262
767	6e43	-7.85	30	LeDock	-0.2616666666666666
2043	6e43	-7.84	30	LeDock	-0.2613333333333333
459	6e43	-7.83	27	LeDock	-0.29
436	6e43	-7.8	27	LeDock	-0.2888888888888888
1816	6e43	-7.8	35	LeDock	-0.2228571428571428
2272	6e43	-7.77	28	LeDock	-0.2774999999999999
2281	6e43	-7.77	32	LeDock	-0.2428125
2416	6e43	-7.75	32	LeDock	-0.2421875
18	6e43	-7.74	33	LeDock	-0.2345454545454545
153	6e43	-7.7	31	LeDock	-0.2483870967741935
991	6e43	-7.7	32	LeDock	-0.240625
1536	6e43	-7.67	30	LeDock	-0.2556666666666666
526	6e43	-7.66	28	LeDock	-0.2735714285714286
1160	6e43	-7.65	23	LeDock	-0.3326086956521739
1846	6e43	-7.61	30	LeDock	-0.2536666666666666
1852	6e43	-7.61	26	LeDock	-0.2926923076923077
1231	6s1j	-9.85	33	LeDock	-0.2984848484848484
2335	6s1j	-9.0	34	LeDock	-0.2647058823529412
1343	6s1j	-8.93	34	LeDock	-0.2626470588235294
1466	6s1j	-8.92	28	LeDock	-0.3185714285714285
294	6s1j	-8.91	30	LeDock	-0.297
1299	6s1j	-8.88	33	LeDock	-0.2690909090909091
2134	6s1j	-8.81	32	LeDock	-0.2753125
693	6s1j	-8.67	30	LeDock	-0.289
411	6s1j	-8.57	31	LeDock	-0.2764516129032258
1435	6s1j	-8.55	30	LeDock	-0.285
2319	6s1j	-8.55	30	LeDock	-0.285
441	6s1j	-8.49	31	LeDock	-0.2738709677419355
886	6s1j	-8.49	28	LeDock	-0.3032142857142857
1447	6s1j	-8.48	33	LeDock	-0.2569696969696969
1927	6s1j	-8.34	32	LeDock	-0.260625
381	6s1j	-8.33	28	LeDock	-0.2975
18	6s1j	-8.32	33	LeDock	-0.2521212121212121
2358	6s1j	-8.32	30	LeDock	-0.2773333333333333
416	6s1j	-8.31	30	LeDock	-0.277
1314	6s1j	-8.31	29	LeDock	-0.286551724137931
1689	6s1j	-8.31	29	LeDock	-0.286551724137931
2	6s1j	-8.29	33	LeDock	-0.2512121212121211
1835	6s1j	-8.29	30	LeDock	-0.2763333333333333
429	6s1j	-8.27	33	LeDock	-0.2506060606060606
17	6s1j	-8.25	34	LeDock	-0.2426470588235294
1271	6s1j	-8.25	31	LeDock	-0.2661290322580645
382	6s1j	-8.24	28	LeDock	-0.2942857142857143
5	6s1j	-8.22	35	LeDock	-0.2348571428571428
767	6s1j	-8.22	30	LeDock	-0.274
1133	6s1j	-8.22	29	LeDock	-0.283448275862069
983	6s1j	-8.21	32	LeDock	-0.2565625
3	6s1j	-8.2	33	LeDock	-0.2484848484848484
421	6s1j	-8.19	26	LeDock	-0.315
1256	6s1j	-8.19	29	LeDock	-0.2824137931034483
2416	6s1j	-8.18	32	LeDock	-0.255625
414	6s1j	-8.16	32	LeDock	-0.255
709	6s1j	-8.15	28	LeDock	-0.2910714285714286
1130	6s1j	-8.12	26	LeDock	-0.3123076923076923
991	6s1j	-8.11	32	LeDock	-0.2534375
2041	6s1j	-8.11	30	LeDock	-0.2703333333333333
631	6s1j	-8.08	26	LeDock	-0.3107692307692308
1506	6s1j	-8.07	30	LeDock	-0.269
1114	6s1j	-8.03	27	LeDock	-0.2974074074074074
872	6s1j	-8.02	29	LeDock	-0.276551724137931
1691	6s1j	-8.02	33	LeDock	-0.243030303030303
2359	6s1j	-8.0	28	LeDock	-0.2857142857142857
1037	6s1j	-7.97	30	LeDock	-0.2656666666666666
906	6s1j	-7.93	26	LeDock	-0.305
1687	6s1j	-7.93	26	LeDock	-0.305
408	6s1j	-7.92	28	LeDock	-0.2828571428571428
1231	6q9y	-9.69	33	LeDock	-0.2936363636363636
1466	6q9y	-9.21	28	LeDock	-0.3289285714285714
294	6q9y	-8.89	30	LeDock	-0.2963333333333333
767	6q9y	-8.58	30	LeDock	-0.286
526	6q9y	-8.46	28	LeDock	-0.3021428571428571
429	6q9y	-8.3	33	LeDock	-0.2515151515151515
2	6q9y	-8.26	33	LeDock	-0.2503030303030303
999	6q9y	-8.26	34	LeDock	-0.2429411764705882
416	6q9y	-8.22	30	LeDock	-0.274
1436	6q9y	-8.18	31	LeDock	-0.2638709677419354
2041	6q9y	-8.18	30	LeDock	-0.2726666666666666
1113	6q9y	-8.17	28	LeDock	-0.2917857142857142
1114	6q9y	-8.09	27	LeDock	-0.2996296296296296
886	6q9y	-8.05	28	LeDock	-0.2875
1130	6q9y	-8.05	26	LeDock	-0.3096153846153846
950	6q9y	-8.02	25	LeDock	-0.3208
3	6q9y	-8.0	33	LeDock	-0.2424242424242424
1846	6q9y	-8.0	30	LeDock	-0.2666666666666666
1271	6q9y	-7.91	31	LeDock	-0.2551612903225806
1381	6q9y	-7.89	30	LeDock	-0.263
1691	6q9y	-7.89	33	LeDock	-0.239090909090909
199	6q9y	-7.88	24	LeDock	-0.3283333333333333
2284	6q9y	-7.83	32	LeDock	-0.2446875
201	6q9y	-7.8	24	LeDock	-0.325
459	6q9y	-7.78	27	LeDock	-0.2881481481481481
874	6q9y	-7.78	28	LeDock	-0.2778571428571428
662	6q9y	-7.72	24	LeDock	-0.3216666666666666
2416	6q9y	-7.72	32	LeDock	-0.24125
37	6q9y	-7.71	26	LeDock	-0.2965384615384615
441	6q9y	-7.7	31	LeDock	-0.2483870967741935
1160	6q9y	-7.7	23	LeDock	-0.3347826086956522
513	6q9y	-7.66	30	LeDock	-0.2553333333333333
2122	6q9y	-7.66	28	LeDock	-0.2735714285714286
677	6q9y	-7.65	27	LeDock	-0.2833333333333333
382	6q9y	-7.64	28	LeDock	-0.2728571428571428
1966	6q9y	-7.62	26	LeDock	-0.293076923076923
2330	6q9y	-7.56	26	LeDock	-0.2907692307692308
2063	6q9y	-7.54	30	LeDock	-0.2513333333333333
693	6q9y	-7.53	30	LeDock	-0.251
910	6q9y	-7.5	25	LeDock	-0.3
1835	6q9y	-7.44	30	LeDock	-0.248
1157	6q9y	-7.43	23	LeDock	-0.3230434782608695
1343	6q9y	-7.43	34	LeDock	-0.2185294117647058
743	6q9y	-7.41	27	LeDock	-0.2744444444444444
484	6q9y	-7.38	34	LeDock	-0.2170588235294117
872	6q9y	-7.34	29	LeDock	-0.253103448275862
1256	6q9y	-7.34	29	LeDock	-0.253103448275862
414	6q9y	-7.32	32	LeDock	-0.22875
631	6q9y	-7.31	26	LeDock	-0.2811538461538461
681	6q9y	-7.3	24	LeDock	-0.3041666666666666
1835	3e7o	-9.57	30	LeDock	-0.319
2134	3e7o	-8.77	32	LeDock	-0.2740625
5	3e7o	-8.67	35	LeDock	-0.2477142857142857
294	3e7o	-8.45	30	LeDock	-0.2816666666666666
1231	3e7o	-8.24	33	LeDock	-0.2496969696969697
1343	3e7o	-8.04	34	LeDock	-0.2364705882352941
3	3e7o	-8.02	33	LeDock	-0.243030303030303
6	3e7o	-8.02	30	LeDock	-0.2673333333333333
1271	3e7o	-8.01	31	LeDock	-0.2583870967741935
1447	3e7o	-8.01	33	LeDock	-0.2427272727272727
412	3e7o	-7.99	31	LeDock	-0.257741935483871
1436	3e7o	-7.97	31	LeDock	-0.2570967741935483
2335	3e7o	-7.93	34	LeDock	-0.233235294117647
709	3e7o	-7.92	28	LeDock	-0.2828571428571428
289	3e7o	-7.89	30	LeDock	-0.263
1130	3e7o	-7.88	26	LeDock	-0.3030769230769231
892	3e7o	-7.85	24	LeDock	-0.3270833333333333
708	3e7o	-7.82	29	LeDock	-0.2696551724137931
1927	3e7o	-7.82	32	LeDock	-0.244375
11	3e7o	-7.79	32	LeDock	-0.2434375
416	3e7o	-7.77	30	LeDock	-0.259
1256	3e7o	-7.71	29	LeDock	-0.2658620689655172
2	3e7o	-7.7	33	LeDock	-0.2333333333333333
2330	3e7o	-7.68	26	LeDock	-0.2953846153846153
1435	3e7o	-7.65	30	LeDock	-0.255
469	3e7o	-7.62	31	LeDock	-0.2458064516129032
1691	3e7o	-7.6	33	LeDock	-0.2303030303030303
803	3e7o	-7.55	29	LeDock	-0.2603448275862069
1299	3e7o	-7.54	33	LeDock	-0.2284848484848484
1133	3e7o	-7.52	29	LeDock	-0.2593103448275862
1928	3e7o	-7.52	27	LeDock	-0.2785185185185185
1764	3e7o	-7.51	32	LeDock	-0.2346875
706	3e7o	-7.5	30	LeDock	-0.25
677	3e7o	-7.48	27	LeDock	-0.277037037037037
2170	3e7o	-7.48	32	LeDock	-0.23375
305	3e7o	-7.46	26	LeDock	-0.2869230769230769
684	3e7o	-7.44	26	LeDock	-0.2861538461538461
414	3e7o	-7.43	32	LeDock	-0.2321875
1248	3e7o	-7.41	20	LeDock	-0.3705
4	3e7o	-7.4	31	LeDock	-0.2387096774193548
776	3e7o	-7.39	34	LeDock	-0.2173529411764705
17	3e7o	-7.36	34	LeDock	-0.2164705882352941
18	3e7o	-7.36	33	LeDock	-0.223030303030303
1939	3e7o	-7.36	26	LeDock	-0.2830769230769231
1042	3e7o	-7.34	30	LeDock	-0.2446666666666666
526	3e7o	-7.29	28	LeDock	-0.2603571428571428
874	3e7o	-7.29	28	LeDock	-0.2603571428571428
441	3e7o	-7.26	31	LeDock	-0.2341935483870967
662	3e7o	-7.23	24	LeDock	-0.30125
693	3e7o	-7.22	30	LeDock	-0.2406666666666666
886	5l4q	-9.26	28	LeDock	-0.3307142857142857
1343	5l4q	-9.26	34	LeDock	-0.2723529411764706
1231	5l4q	-9.25	33	LeDock	-0.2803030303030303
294	5l4q	-9.21	30	LeDock	-0.307
693	5l4q	-9.16	30	LeDock	-0.3053333333333333
3	5l4q	-9.01	33	LeDock	-0.273030303030303
2	5l4q	-8.98	33	LeDock	-0.2721212121212121
1447	5l4q	-8.97	33	LeDock	-0.2718181818181818
1299	5l4q	-8.96	33	LeDock	-0.2715151515151515
1130	5l4q	-8.77	26	LeDock	-0.3373076923076923
1835	5l4q	-8.69	30	LeDock	-0.2896666666666666
441	5l4q	-8.67	31	LeDock	-0.2796774193548387
874	5l4q	-8.67	28	LeDock	-0.3096428571428571
631	5l4q	-8.61	26	LeDock	-0.3311538461538461
1435	5l4q	-8.56	30	LeDock	-0.2853333333333333
5	5l4q	-8.53	35	LeDock	-0.2437142857142857
429	5l4q	-8.52	33	LeDock	-0.2581818181818182
991	5l4q	-8.52	32	LeDock	-0.26625
2134	5l4q	-8.35	32	LeDock	-0.2609375
1436	5l4q	-8.33	31	LeDock	-0.2687096774193548
11	5l4q	-8.26	32	LeDock	-0.258125
662	5l4q	-8.22	24	LeDock	-0.3425
17	5l4q	-8.2	34	LeDock	-0.2411764705882352
2103	5l4q	-8.12	27	LeDock	-0.3007407407407407
1248	5l4q	-8.09	20	LeDock	-0.4044999999999999
677	5l4q	-8.07	27	LeDock	-0.2988888888888889
513	5l4q	-8.05	30	LeDock	-0.2683333333333333
111	5l4q	-7.98	28	LeDock	-0.285
709	5l4q	-7.98	28	LeDock	-0.285
2440	5l4q	-7.98	29	LeDock	-0.2751724137931035
381	5l4q	-7.97	28	LeDock	-0.2846428571428571
1506	5l4q	-7.92	30	LeDock	-0.264
444	5l4q	-7.89	31	LeDock	-0.254516129032258
382	5l4q	-7.88	28	LeDock	-0.2814285714285714
1689	5l4q	-7.88	29	LeDock	-0.2717241379310345
2284	5l4q	-7.85	32	LeDock	-0.2453125
4	5l4q	-7.83	31	LeDock	-0.2525806451612903
708	5l4q	-7.83	29	LeDock	-0.27
983	5l4q	-7.82	32	LeDock	-0.244375
1282	5l4q	-7.82	28	LeDock	-0.2792857142857143
2330	5l4q	-7.81	26	LeDock	-0.3003846153846153
784	5l4q	-7.8	35	LeDock	-0.2228571428571428
1511	5l4q	-7.79	31	LeDock	-0.2512903225806451
1691	5l4q	-7.78	33	LeDock	-0.2357575757575757
2375	5l4q	-7.78	33	LeDock	-0.2357575757575757
706	5l4q	-7.76	30	LeDock	-0.2586666666666666
2041	5l4q	-7.75	30	LeDock	-0.2583333333333333
416	5l4q	-7.74	30	LeDock	-0.258
1100	5l4q	-7.74	25	LeDock	-0.3096
1486	5l4q	-7.73	30	LeDock	-0.2576666666666666
2134	2jam	-9.12	32	LeDock	-0.285
1231	2jam	-9.06	33	LeDock	-0.2745454545454545
1299	2jam	-8.91	33	LeDock	-0.27
441	2jam	-8.74	31	LeDock	-0.2819354838709677
1271	2jam	-8.53	31	LeDock	-0.2751612903225806
2041	2jam	-8.53	30	LeDock	-0.2843333333333333
3	2jam	-8.48	33	LeDock	-0.2569696969696969
1447	2jam	-8.48	33	LeDock	-0.2569696969696969
294	2jam	-8.43	30	LeDock	-0.2809999999999999
2357	2jam	-8.34	32	LeDock	-0.260625
1130	2jam	-8.31	26	LeDock	-0.3196153846153846
18	2jam	-8.28	33	LeDock	-0.2509090909090909
2	2jam	-8.26	33	LeDock	-0.2503030303030303
17	2jam	-8.17	34	LeDock	-0.2402941176470588
662	2jam	-8.1	24	LeDock	-0.3374999999999999
5	2jam	-8.05	35	LeDock	-0.23
709	2jam	-8.04	28	LeDock	-0.2871428571428571
1436	2jam	-8.04	31	LeDock	-0.2593548387096774
677	2jam	-7.98	27	LeDock	-0.2955555555555555
153	2jam	-7.94	31	LeDock	-0.2561290322580645
983	2jam	-7.84	32	LeDock	-0.245
2416	2jam	-7.82	32	LeDock	-0.244375
289	2jam	-7.72	30	LeDock	-0.2573333333333333
1806	2jam	-7.67	28	LeDock	-0.2739285714285714
1343	2jam	-7.66	34	LeDock	-0.2252941176470588
1381	2jam	-7.66	30	LeDock	-0.2553333333333333
1435	2jam	-7.66	30	LeDock	-0.2553333333333333
2267	2jam	-7.62	26	LeDock	-0.293076923076923
1008	2jam	-7.59	27	LeDock	-0.2811111111111111
127	2jam	-7.55	27	LeDock	-0.2796296296296296
1835	2jam	-7.54	30	LeDock	-0.2513333333333333
2420	2jam	-7.52	27	LeDock	-0.2785185185185185
191	2jam	-7.51	33	LeDock	-0.2275757575757575
2330	2jam	-7.51	26	LeDock	-0.2888461538461538
2319	2jam	-7.44	30	LeDock	-0.248
708	2jam	-7.43	29	LeDock	-0.2562068965517241
653	2jam	-7.4	28	LeDock	-0.2642857142857143
6	2jam	-7.37	30	LeDock	-0.2456666666666666
2358	2jam	-7.37	30	LeDock	-0.2456666666666666
11	2jam	-7.36	32	LeDock	-0.23
2103	2jam	-7.36	27	LeDock	-0.2725925925925926
1042	2jam	-7.35	30	LeDock	-0.245
2170	2jam	-7.34	32	LeDock	-0.229375
872	2jam	-7.33	29	LeDock	-0.2527586206896551
1040	2jam	-7.33	34	LeDock	-0.2155882352941176
1100	2jam	-7.33	25	LeDock	-0.2932
2116	2jam	-7.33	30	LeDock	-0.2443333333333333
1745	2jam	-7.31	30	LeDock	-0.2436666666666666
1928	2jam	-7.3	27	LeDock	-0.2703703703703703
906	2jam	-7.27	26	LeDock	-0.2796153846153846
784	4x21	-9.02	35	LeDock	-0.2577142857142857
1231	4x21	-8.97	33	LeDock	-0.2718181818181818
2134	4x21	-8.88	32	LeDock	-0.2775
5	4x21	-8.84	35	LeDock	-0.2525714285714285
1447	4x21	-8.83	33	LeDock	-0.2675757575757576
1299	4x21	-8.64	33	LeDock	-0.2618181818181818
2	4x21	-8.63	33	LeDock	-0.2615151515151515
18	4x21	-8.47	33	LeDock	-0.2566666666666667
294	4x21	-8.37	30	LeDock	-0.2789999999999999
631	4x21	-8.36	26	LeDock	-0.3215384615384615
6	4x21	-8.28	30	LeDock	-0.2759999999999999
1314	4x21	-8.27	29	LeDock	-0.2851724137931034
17	4x21	-8.25	34	LeDock	-0.2426470588235294
776	4x21	-8.25	34	LeDock	-0.2426470588235294
1133	4x21	-8.18	29	LeDock	-0.2820689655172413
1343	4x21	-8.13	34	LeDock	-0.2391176470588235
3	4x21	-8.1	33	LeDock	-0.2454545454545454
483	4x21	-8.06	30	LeDock	-0.2686666666666666
1835	4x21	-8.04	30	LeDock	-0.2679999999999999
886	4x21	-7.97	28	LeDock	-0.2846428571428571
1271	4x21	-7.95	31	LeDock	-0.2564516129032258
1256	4x21	-7.89	29	LeDock	-0.2720689655172413
408	4x21	-7.83	28	LeDock	-0.2796428571428571
693	4x21	-7.77	30	LeDock	-0.259
684	4x21	-7.73	26	LeDock	-0.2973076923076923
526	4x21	-7.71	28	LeDock	-0.2753571428571428
11	4x21	-7.7	32	LeDock	-0.240625
708	4x21	-7.68	29	LeDock	-0.2648275862068965
444	4x21	-7.67	31	LeDock	-0.2474193548387096
983	4x21	-7.67	32	LeDock	-0.2396875
414	4x21	-7.63	32	LeDock	-0.2384375
1248	4x21	-7.63	20	LeDock	-0.3815
2330	4x21	-7.63	26	LeDock	-0.2934615384615384
677	4x21	-7.59	27	LeDock	-0.2811111111111111
2440	4x21	-7.59	29	LeDock	-0.2617241379310345
2416	4x21	-7.58	32	LeDock	-0.236875
1100	4x21	-7.57	25	LeDock	-0.3028
709	4x21	-7.56	28	LeDock	-0.2699999999999999
2284	4x21	-7.55	32	LeDock	-0.2359375
1089	4x21	-7.51	24	LeDock	-0.3129166666666667
4	4x21	-7.44	31	LeDock	-0.24
35	4x21	-7.44	30	LeDock	-0.248
513	4x21	-7.44	30	LeDock	-0.248
2003	4x21	-7.43	28	LeDock	-0.2653571428571428
1044	4x21	-7.42	29	LeDock	-0.2558620689655172
1691	4x21	-7.42	33	LeDock	-0.2248484848484848
874	4x21	-7.4	28	LeDock	-0.2642857142857143
993	4x21	-7.39	23	LeDock	-0.3213043478260869
626	4x21	-7.36	28	LeDock	-0.2628571428571428
1073	4x21	-7.35	28	LeDock	-0.2625
441	2qfa	-8.82	31	LeDock	-0.2845161290322581
1231	2qfa	-8.53	33	LeDock	-0.2584848484848485
294	2qfa	-8.46	30	LeDock	-0.282
872	2qfa	-8.39	29	LeDock	-0.2893103448275862
18	2qfa	-8.2	33	LeDock	-0.2484848484848484
1690	2qfa	-8.16	31	LeDock	-0.2632258064516129
991	2qfa	-8.11	32	LeDock	-0.2534375
385	2qfa	-8.06	28	LeDock	-0.2878571428571428
1130	2qfa	-8.02	26	LeDock	-0.3084615384615384
411	2qfa	-7.96	31	LeDock	-0.2567741935483871
631	2qfa	-7.92	26	LeDock	-0.3046153846153846
513	2qfa	-7.91	30	LeDock	-0.2636666666666666
526	2qfa	-7.9	28	LeDock	-0.2821428571428571
2361	2qfa	-7.9	27	LeDock	-0.2925925925925926
1076	2qfa	-7.86	28	LeDock	-0.2807142857142857
1835	2qfa	-7.86	30	LeDock	-0.262
2375	2qfa	-7.84	33	LeDock	-0.2375757575757575
1511	2qfa	-7.82	31	LeDock	-0.252258064516129
416	2qfa	-7.81	30	LeDock	-0.2603333333333333
874	2qfa	-7.8	28	LeDock	-0.2785714285714286
1930	2qfa	-7.8	32	LeDock	-0.24375
412	2qfa	-7.78	31	LeDock	-0.2509677419354839
1105	2qfa	-7.78	32	LeDock	-0.243125
3	2qfa	-7.76	33	LeDock	-0.2351515151515151
414	2qfa	-7.74	32	LeDock	-0.241875
886	2qfa	-7.71	28	LeDock	-0.2753571428571428
459	2qfa	-7.68	27	LeDock	-0.2844444444444444
2319	2qfa	-7.66	30	LeDock	-0.2553333333333333
1435	2qfa	-7.65	30	LeDock	-0.255
1516	2qfa	-7.65	27	LeDock	-0.2833333333333333
1689	2qfa	-7.65	29	LeDock	-0.2637931034482759
1447	2qfa	-7.64	33	LeDock	-0.2315151515151515
127	2qfa	-7.63	27	LeDock	-0.2825925925925925
906	2qfa	-7.62	26	LeDock	-0.293076923076923
1506	2qfa	-7.61	30	LeDock	-0.2536666666666666
1466	2qfa	-7.6	28	LeDock	-0.2714285714285714
950	2qfa	-7.59	25	LeDock	-0.3036
11	2qfa	-7.54	32	LeDock	-0.235625
382	2qfa	-7.53	28	LeDock	-0.2689285714285714
2	2qfa	-7.5	33	LeDock	-0.2272727272727272
1732	2qfa	-7.5	27	LeDock	-0.2777777777777778
2041	2qfa	-7.5	30	LeDock	-0.25
1491	2qfa	-7.49	33	LeDock	-0.226969696969697
767	2qfa	-7.44	30	LeDock	-0.248
1660	2qfa	-7.41	31	LeDock	-0.2390322580645161
662	2qfa	-7.39	24	LeDock	-0.3079166666666666
33	2qfa	-7.38	30	LeDock	-0.246
1160	2qfa	-7.38	23	LeDock	-0.3208695652173913
200	2qfa	-7.32	20	LeDock	-0.366
1388	2qfa	-7.3	27	LeDock	-0.2703703703703703
11	4agl	-8.64	32	LeDock	-0.27
1466	4agl	-8.6	28	LeDock	-0.3071428571428571
1130	4agl	-8.12	26	LeDock	-0.3123076923076923
662	4agl	-8.09	24	LeDock	-0.3370833333333333
874	4agl	-7.81	28	LeDock	-0.2789285714285714
408	4agl	-7.76	28	LeDock	-0.2771428571428571
416	4agl	-7.68	30	LeDock	-0.256
18	4agl	-7.52	33	LeDock	-0.2278787878787878
872	4agl	-7.49	29	LeDock	-0.2582758620689655
2134	4agl	-7.47	32	LeDock	-0.2334375
1231	4agl	-7.38	33	LeDock	-0.2236363636363636
5	4agl	-7.2	35	LeDock	-0.2057142857142857
886	4agl	-7.2	28	LeDock	-0.2571428571428572
631	4agl	-7.18	26	LeDock	-0.2761538461538461
1160	4agl	-7.18	23	LeDock	-0.3121739130434782
2	4agl	-7.16	33	LeDock	-0.2169696969696969
1343	4agl	-7.11	34	LeDock	-0.2091176470588235
4	4agl	-7.09	31	LeDock	-0.2287096774193548
2416	4agl	-7.02	32	LeDock	-0.219375
1835	4agl	-7.01	30	LeDock	-0.2336666666666666
1314	4agl	-6.99	29	LeDock	-0.2410344827586207
1447	4agl	-6.99	33	LeDock	-0.2118181818181818
201	4agl	-6.95	24	LeDock	-0.2895833333333333
294	4agl	-6.93	30	LeDock	-0.2309999999999999
2116	4agl	-6.9	30	LeDock	-0.23
429	4agl	-6.88	33	LeDock	-0.2084848484848485
6	4agl	-6.86	30	LeDock	-0.2286666666666666
17	4agl	-6.82	34	LeDock	-0.2005882352941176
1299	4agl	-6.8	33	LeDock	-0.206060606060606
906	4agl	-6.79	26	LeDock	-0.2611538461538462
153	4agl	-6.75	31	LeDock	-0.2177419354838709
1846	4agl	-6.75	30	LeDock	-0.225
1028	4agl	-6.74	25	LeDock	-0.2696
513	4agl	-6.72	30	LeDock	-0.224
1435	4agl	-6.71	30	LeDock	-0.2236666666666666
2365	4agl	-6.67	30	LeDock	-0.2223333333333333
1388	4agl	-6.65	27	LeDock	-0.2462962962962963
693	4agl	-6.64	30	LeDock	-0.2213333333333333
991	4agl	-6.63	32	LeDock	-0.2071875
3	4agl	-6.61	33	LeDock	-0.2003030303030303
956	4agl	-6.6	27	LeDock	-0.2444444444444444
1893	4agl	-6.6	26	LeDock	-0.2538461538461538
20	4agl	-6.58	32	LeDock	-0.205625
2041	4agl	-6.55	30	LeDock	-0.2183333333333333
1744	4agl	-6.54	30	LeDock	-0.218
441	4agl	-6.53	31	LeDock	-0.2106451612903226
131	4agl	-6.52	27	LeDock	-0.2414814814814814
743	4agl	-6.51	27	LeDock	-0.2411111111111111
1676	4agl	-6.51	23	LeDock	-0.2830434782608695
2284	4agl	-6.51	32	LeDock	-0.2034375
