dock_time	ligand	protein
28.47909903526306	0002	3e7o
31.167087078094482	0003	3e7o
19.604696035385132	0004	3e7o
38.9411997795105	0005	3e7o
19.21080493927002	0006	3e7o
32.13902401924133	0011	3e7o
35.17666220664978	0017	3e7o
29.885004997253418	0018	3e7o
26.901715993881226	0020	3e7o
34.32973599433899	0023	3e7o
8.504469156265259	0026	3e7o
11.246109008789062	0031	3e7o
18.5604510307312	0033	3e7o
18.433561086654663	0035	3e7o
10.522613048553467	0037	3e7o
5.6373560428619385	0039	3e7o
6.018074989318848	0056	3e7o
6.238861083984375	0064	3e7o
7.028350114822388	0067	3e7o
5.212824821472168	0081	3e7o
7.859786033630371	0085	3e7o
11.363808870315552	0095	3e7o
11.854166030883789	0106	3e7o
15.762359142303467	0107	3e7o
12.819720029830933	0111	3e7o
13.588836669921875	0127	3e7o
11.429367065429688	0129	3e7o
11.125385046005249	0130	3e7o
10.678900003433228	0131	3e7o
12.797603130340576	0136	3e7o
5.7409281730651855	0137	3e7o
5.607109308242798	0138	3e7o
5.555558204650879	0141	3e7o
8.564357280731201	0152	3e7o
24.635007858276367	0153	3e7o
13.458313941955566	0156	3e7o
27.09803795814514	0167	3e7o
28.64718508720398	0169	3e7o
28.423343896865845	0170	3e7o
18.47468113899231	0175	3e7o
22.84701681137085	0176	3e7o
24.446675062179565	0182	3e7o
22.64711284637451	0184	3e7o
19.49097204208374	0188	3e7o
22.250777006149292	0191	3e7o
8.167357921600342	0199	3e7o
4.656638145446777	0200	3e7o
8.706253051757812	0201	3e7o
6.280961036682129	0205	3e7o
5.879580974578857	0211	3e7o
6.39739990234375	0213	3e7o
14.439397811889648	0216	3e7o
14.436012029647827	0219	3e7o
13.102951049804688	0226	3e7o
27.33944296836853	0231	3e7o
8.571640729904175	0235	3e7o
12.16681981086731	0243	3e7o
6.320003986358643	0244	3e7o
5.71494197845459	0247	3e7o
22.411193132400513	0257	3e7o
24.89427089691162	0263	3e7o
25.2185320854187	0265	3e7o
16.60376286506653	0274	3e7o
16.629312992095947	0278	3e7o
20.27660369873047	0289	3e7o
8.570523262023926	0293	3e7o
24.33194065093994	0294	3e7o
10.59241771697998	0302	3e7o
8.705638885498047	0305	3e7o
18.1331889629364	0309	3e7o
16.666123151779175	0320	3e7o
24.89950203895569	0324	3e7o
31.390884160995483	0346	3e7o
23.541136026382446	0347	3e7o
18.091727018356323	0349	3e7o
17.682920932769775	0351	3e7o
20.324902057647705	0354	3e7o
20.645977020263672	0361	3e7o
27.58976411819458	0362	3e7o
16.87713885307312	0364	3e7o
12.47432804107666	0381	3e7o
13.4569730758667	0382	3e7o
12.750948905944824	0385	3e7o
17.29771590232849	0386	3e7o
10.096683025360107	0393	3e7o
10.415870904922485	0395	3e7o
12.251514196395874	0399	3e7o
15.065744876861572	0400	3e7o
14.073852777481079	0408	3e7o
20.682257175445557	0411	3e7o
21.605533838272095	0412	3e7o
22.436030864715576	0414	3e7o
19.32657504081726	0416	3e7o
8.11532711982727	0421	3e7o
6.897463798522949	0425	3e7o
13.44748592376709	0426	3e7o
5.866584777832031	0428	3e7o
20.402611255645752	0429	3e7o
8.418834924697876	0436	3e7o
10.43158483505249	0439	3e7o
29.655768156051636	0441	3e7o
23.330631971359253	0444	3e7o
5.150557994842529	0454	3e7o
12.431228876113892	0455	3e7o
15.576467990875244	0459	3e7o
12.276846885681152	0467	3e7o
17.623992919921875	0469	3e7o
9.508339881896973	0471	3e7o
18.808850288391113	0473	3e7o
19.964038848876953	0483	3e7o
32.96958899497986	0484	3e7o
24.08848261833191	0485	3e7o
12.67803168296814	0500	3e7o
4.064306020736694	0502	3e7o
4.501626253128052	0504	3e7o
6.63053297996521	0505	3e7o
16.402442932128906	0513	3e7o
12.025073766708374	0526	3e7o
8.011073112487793	0550	3e7o
8.866826057434082	0556	3e7o
4.3855531215667725	0558	3e7o
9.812649011611938	0559	3e7o
10.634430885314941	0566	3e7o
15.289942979812622	0571	3e7o
6.687324047088623	0578	3e7o
12.393943071365356	0579	3e7o
2.9460208415985107	0588	3e7o
2.813883066177368	0591	3e7o
4.066019058227539	0592	3e7o
9.728461265563965	0596	3e7o
20.44078278541565	0610	3e7o
22.33613896369934	0611	3e7o
8.972820043563843	0616	3e7o
7.0069520473480225	0617	3e7o
4.876603126525879	0624	3e7o
20.42988681793213	0625	3e7o
19.3800208568573	0626	3e7o
13.111324787139893	0631	3e7o
17.4970600605011	0648	3e7o
13.289400100708008	0653	3e7o
7.2127227783203125	0662	3e7o
7.779191970825195	0663	3e7o
11.495733737945557	0666	3e7o
7.358673810958862	0670	3e7o
9.880324125289917	0677	3e7o
6.501093149185181	0680	3e7o
8.304617404937744	0681	3e7o
1.7086150646209717	0683	3e7o
1.7005560398101807	0684	3e7o
12.599078893661499	0692	3e7o
15.58715295791626	0693	3e7o
5.829808950424194	0695	3e7o
11.888768196105957	0696	3e7o
23.115662813186646	0699	3e7o
11.008463859558105	0706	3e7o
14.816404104232788	0708	3e7o
10.422376871109009	0709	3e7o
14.855698823928833	0716	3e7o
8.155334949493408	0723	3e7o
4.633793115615845	0727	3e7o
11.071601867675781	0729	3e7o
3.938961982727051	0737	3e7o
13.565889120101929	0743	3e7o
10.655537128448486	0746	3e7o
11.433480978012085	0754	3e7o
10.897365093231201	0755	3e7o
19.4552321434021	0767	3e7o
8.867883682250977	0769	3e7o
23.595571756362915	0776	3e7o
26.499865770339966	0783	3e7o
26.161099195480347	0784	3e7o
9.432417631149292	0786	3e7o
4.046772241592407	0789	3e7o
8.179069995880127	0790	3e7o
16.077658653259277	0797	3e7o
17.852379083633423	0800	3e7o
14.957141876220703	0803	3e7o
20.21914315223694	0814	3e7o
13.773927927017212	0827	3e7o
10.467782974243164	0833	3e7o
9.623234748840332	0834	3e7o
9.494586706161499	0835	3e7o
9.905231237411499	0836	3e7o
19.469045877456665	0847	3e7o
12.858340978622437	0850	3e7o
11.090082883834839	0860	3e7o
16.140766859054565	0861	3e7o
12.95070195198059	0862	3e7o
13.84537124633789	0865	3e7o
15.165440082550049	0872	3e7o
20.595927715301514	0873	3e7o
13.475428819656372	0874	3e7o
12.784538984298706	0886	3e7o
6.63701605796814	0892	3e7o
6.018565893173218	0895	3e7o
12.595513105392456	0906	3e7o
6.892547845840454	0908	3e7o
8.565302848815918	0910	3e7o
8.336984872817993	0920	3e7o
14.58541488647461	0924	3e7o
15.470083951950073	0935	3e7o
10.409194946289062	0937	3e7o
7.967829942703247	0950	3e7o
13.943792819976807	0956	3e7o
9.815699100494385	0961	3e7o
12.130527019500732	0969	3e7o
3.8984761238098145	0971	3e7o
4.863987922668457	0978	3e7o
4.073562860488892	0979	3e7o
8.113294124603271	0980	3e7o
17.93478298187256	0983	3e7o
9.14155387878418	0985	3e7o
11.79967999458313	0991	3e7o
7.616691827774048	0993	3e7o
33.87611222267151	0999	3e7o
7.749619007110596	1001	3e7o
12.056511878967285	1008	3e7o
18.009641885757446	1011	3e7o
23.38032102584839	1027	3e7o
12.032379865646362	1028	3e7o
16.56314992904663	1037	3e7o
20.604737043380737	1040	3e7o
17.1772518157959	1042	3e7o
14.230040073394775	1043	3e7o
13.384981155395508	1044	3e7o
10.900835037231445	1051	3e7o
13.463518857955933	1056	3e7o
19.356261730194092	1061	3e7o
17.641814708709717	1073	3e7o
14.739834070205688	1076	3e7o
14.307768106460571	1081	3e7o
14.171265840530396	1084	3e7o
9.930495023727417	1089	3e7o
9.423465967178345	1100	3e7o
10.34973692893982	1101	3e7o
23.724792003631592	1105	3e7o
26.76769781112671	1112	3e7o
17.653370141983032	1113	3e7o
14.051274061203003	1114	3e7o
12.635923862457275	1130	3e7o
25.514583826065063	1133	3e7o
18.20981502532959	1143	3e7o
6.023589849472046	1151	3e7o
7.851537227630615	1157	3e7o
9.903103113174438	1160	3e7o
17.53451180458069	1161	3e7o
27.59979486465454	1177	3e7o
27.673988103866577	1178	3e7o
22.7938129901886	1180	3e7o
6.3940300941467285	1192	3e7o
9.599163293838501	1193	3e7o
7.885763168334961	1206	3e7o
7.555876016616821	1209	3e7o
10.546867847442627	1211	3e7o
13.879964828491211	1217	3e7o
11.03065800666809	1219	3e7o
9.995052099227905	1220	3e7o
7.640241861343384	1222	3e7o
10.194116115570068	1224	3e7o
7.301389932632446	1226	3e7o
30.785688877105713	1231	3e7o
15.730787754058838	1236	3e7o
15.492614984512329	1237	3e7o
4.870967149734497	1248	3e7o
21.48981475830078	1255	3e7o
14.601238012313843	1256	3e7o
9.49757719039917	1265	3e7o
8.222027063369751	1266	3e7o
27.153993844985962	1271	3e7o
28.511229991912842	1280	3e7o
12.826385974884033	1282	3e7o
27.07203221321106	1284	3e7o
21.97536587715149	1285	3e7o
5.4062347412109375	1295	3e7o
24.78984808921814	1299	3e7o
5.914607048034668	1300	3e7o
6.661961078643799	1301	3e7o
19.729072093963623	1310	3e7o
19.227401971817017	1314	3e7o
17.65178084373474	1315	3e7o
15.35492205619812	1325	3e7o
11.032038927078247	1329	3e7o
16.618961811065674	1337	3e7o
12.730452060699463	1341	3e7o
41.46990180015564	1343	3e7o
11.406697034835815	1355	3e7o
6.01715612411499	1357	3e7o
19.735991954803467	1360	3e7o
12.578902006149292	1372	3e7o
20.277326107025146	1381	3e7o
19.220227003097534	1386	3e7o
10.627229928970337	1388	3e7o
9.624579191207886	1404	3e7o
4.046025991439819	1405	3e7o
7.075621128082275	1413	3e7o
16.12403392791748	1415	3e7o
20.962547063827515	1428	3e7o
4.746597051620483	1432	3e7o
11.804091930389404	1433	3e7o
9.485787153244019	1434	3e7o
18.92085886001587	1435	3e7o
23.956475973129272	1436	3e7o
18.86707615852356	1444	3e7o
30.350258827209473	1447	3e7o
18.051616191864014	1466	3e7o
19.155821800231934	1471	3e7o
28.497681856155396	1477	3e7o
20.389832019805908	1486	3e7o
12.731495141983032	1487	3e7o
16.099586963653564	1491	3e7o
20.942851781845093	1506	3e7o
17.862706184387207	1507	3e7o
20.910308122634888	1511	3e7o
10.353340864181519	1516	3e7o
13.66478419303894	1518	3e7o
6.472252130508423	1521	3e7o
7.9739320278167725	1523	3e7o
12.063934087753296	1525	3e7o
12.139296054840088	1531	3e7o
12.900205135345459	1533	3e7o
13.476408004760742	1535	3e7o
15.979918003082275	1536	3e7o
21.981076955795288	1539	3e7o
4.948707818984985	1548	3e7o
8.565312623977661	1553	3e7o
16.53026580810547	1571	3e7o
18.083683013916016	1576	3e7o
12.635828018188477	1581	3e7o
9.216331958770752	1586	3e7o
9.985544204711914	1591	3e7o
8.917927980422974	1594	3e7o
11.13206696510315	1599	3e7o
11.149831771850586	1609	3e7o
13.972813844680786	1612	3e7o
8.957406044006348	1622	3e7o
18.968104124069214	1624	3e7o
23.266798973083496	1630	3e7o
10.953452110290527	1631	3e7o
14.403758764266968	1637	3e7o
29.82202911376953	1638	3e7o
2.8445918560028076	1651	3e7o
12.159435033798218	1657	3e7o
16.207739114761353	1660	3e7o
19.41117787361145	1666	3e7o
28.41163182258606	1673	3e7o
7.23236083984375	1676	3e7o
12.14822506904602	1687	3e7o
17.49181604385376	1689	3e7o
21.141965627670288	1690	3e7o
24.672173023223877	1691	3e7o
13.306803941726685	1699	3e7o
2.9327211380004883	1706	3e7o
17.677465200424194	1711	3e7o
12.9109947681427	1718	3e7o
11.800085067749023	1721	3e7o
18.374351978302002	1726	3e7o
12.898152351379395	1732	3e7o
16.85242772102356	1736	3e7o
16.282849073410034	1741	3e7o
18.557591199874878	1744	3e7o
18.79714798927307	1745	3e7o
10.748454093933105	1750	3e7o
10.80531096458435	1758	3e7o
25.398769855499268	1764	3e7o
6.2697060108184814	1781	3e7o
13.639076948165894	1788	3e7o
10.420728921890259	1789	3e7o
10.290228128433228	1790	3e7o
7.338667631149292	1801	3e7o
10.489674091339111	1802	3e7o
6.8133909702301025	1804	3e7o
13.978029012680054	1806	3e7o
6.84751296043396	1808	3e7o
22.83103108406067	1810	3e7o
21.394003868103027	1816	3e7o
5.2856738567352295	1822	3e7o
14.204764127731323	1825	3e7o
24.429440021514893	1835	3e7o
15.714066982269287	1837	3e7o
14.232505083084106	1846	3e7o
8.62363600730896	1850	3e7o
13.179955959320068	1852	3e7o
15.413655042648315	1856	3e7o
16.679464101791382	1863	3e7o
12.068849802017212	1865	3e7o
11.225039005279541	1871	3e7o
10.593638896942139	1893	3e7o
7.916447162628174	1894	3e7o
16.122769832611084	1895	3e7o
24.74506711959839	1906	3e7o
16.41860604286194	1913	3e7o
17.744122743606567	1927	3e7o
13.656660079956055	1928	3e7o
19.79719591140747	1930	3e7o
9.089895963668823	1936	3e7o
19.972200870513916	1937	3e7o
9.957491874694824	1939	3e7o
17.206430196762085	1940	3e7o
4.391324281692505	1941	3e7o
11.074257850646973	1943	3e7o
8.332419872283936	1945	3e7o
29.165618896484375	1956	3e7o
22.47325110435486	1957	3e7o
10.926944971084595	1958	3e7o
14.123910903930664	1960	3e7o
10.621767044067383	1966	3e7o
9.669836044311523	1969	3e7o
5.4893410205841064	1971	3e7o
5.421633005142212	1973	3e7o
9.712669849395752	1974	3e7o
8.125958919525146	1976	3e7o
5.876461744308472	1982	3e7o
9.429117918014526	1986	3e7o
11.65085482597351	1991	3e7o
11.00504994392395	2003	3e7o
11.377089977264404	2004	3e7o
6.257529020309448	2012	3e7o
7.347546100616455	2014	3e7o
8.008010149002075	2017	3e7o
5.437134027481079	2020	3e7o
10.971873044967651	2028	3e7o
16.166355848312378	2032	3e7o
11.787107229232788	2033	3e7o
18.593809127807617	2041	3e7o
15.192986965179443	2043	3e7o
12.855133056640625	2046	3e7o
20.082102060317993	2063	3e7o
16.190449953079224	2072	3e7o
15.744421243667603	2079	3e7o
19.188567638397217	2087	3e7o
10.787254095077515	2091	3e7o
9.872268915176392	2103	3e7o
4.451751947402954	2105	3e7o
4.045532941818237	2109	3e7o
18.683043956756592	2116	3e7o
12.98012900352478	2121	3e7o
17.512758016586304	2122	3e7o
7.2161149978637695	2124	3e7o
17.95692801475525	2134	3e7o
14.707237005233765	2136	3e7o
10.395141124725342	2139	3e7o
7.812229871749878	2149	3e7o
16.12486505508423	2163	3e7o
8.232502937316895	2164	3e7o
13.999665975570679	2170	3e7o
10.90501093864441	2177	3e7o
12.436367750167847	2184	3e7o
14.23445725440979	2195	3e7o
15.615885019302368	2197	3e7o
22.72064781188965	2210	3e7o
10.56509780883789	2213	3e7o
12.461793899536133	2214	3e7o
16.230695962905884	2225	3e7o
9.932567834854126	2231	3e7o
11.313133955001831	2242	3e7o
9.101319074630737	2266	3e7o
9.200241088867188	2267	3e7o
6.434675931930542	2270	3e7o
10.532427072525024	2271	3e7o
19.52269172668457	2272	3e7o
4.173890113830566	2275	3e7o
4.112848997116089	2276	3e7o
22.456536769866943	2281	3e7o
18.65288805961609	2282	3e7o
18.799926042556763	2284	3e7o
23.861764907836914	2285	3e7o
20.334061861038208	2286	3e7o
34.24668788909912	2298	3e7o
7.09620213508606	2301	3e7o
12.096802711486816	2304	3e7o
15.905680894851685	2319	3e7o
12.1335608959198	2330	3e7o
17.26724624633789	2334	3e7o
29.71623206138611	2335	3e7o
11.602452278137207	2345	3e7o
5.962146997451782	2349	3e7o
6.190291881561279	2350	3e7o
23.045743942260742	2357	3e7o
17.818669080734253	2358	3e7o
13.047775983810425	2359	3e7o
11.755437135696411	2361	3e7o
20.040421962738037	2363	3e7o
21.681905031204224	2364	3e7o
19.29737401008606	2365	3e7o
14.446530103683472	2373	3e7o
22.435667037963867	2375	3e7o
24.24438190460205	2377	3e7o
10.3611421585083	2380	3e7o
15.79715609550476	2381	3e7o
12.613522052764893	2386	3e7o
18.112506866455078	2402	3e7o
8.688974142074585	2403	3e7o
21.494734048843384	2416	3e7o
12.85004711151123	2417	3e7o
16.663193941116333	2419	3e7o
16.977820873260498	2420	3e7o
8.266642093658447	2432	3e7o
12.8239266872406	2439	3e7o
14.835176944732666	2440	3e7o
27.760914087295532	2447	3e7o
23.53869104385376	0002	3elj
25.704685926437378	0003	3elj
19.078110218048096	0004	3elj
34.80842900276184	0005	3elj
18.021111965179443	0006	3elj
26.78723692893982	0011	3elj
29.338380098342896	0017	3elj
29.236341953277588	0018	3elj
26.108662128448486	0020	3elj
35.679089307785034	0023	3elj
8.93716311454773	0026	3elj
12.62611198425293	0031	3elj
18.049394130706787	0033	3elj
18.276803255081177	0035	3elj
9.018922805786133	0037	3elj
5.737616062164307	0039	3elj
5.861821889877319	0056	3elj
5.811840772628784	0064	3elj
6.375147104263306	0067	3elj
5.232026100158691	0081	3elj
7.4067888259887695	0085	3elj
10.66042184829712	0095	3elj
11.5271737575531	0106	3elj
15.425129890441895	0107	3elj
11.618108034133911	0111	3elj
12.059298992156982	0127	3elj
11.626333951950073	0129	3elj
10.87984299659729	0130	3elj
9.600764036178589	0131	3elj
10.238119840621948	0136	3elj
5.469552993774414	0137	3elj
5.222604036331177	0138	3elj
6.163810968399048	0141	3elj
8.855090856552124	0152	3elj
22.222587823867798	0153	3elj
12.81666612625122	0156	3elj
27.133249044418335	0167	3elj
31.132990837097168	0169	3elj
27.45784878730774	0170	3elj
17.718653917312622	0175	3elj
21.8881778717041	0176	3elj
25.715611696243286	0182	3elj
23.119055032730103	0184	3elj
19.580204963684082	0188	3elj
22.74638319015503	0191	3elj
8.442793130874634	0199	3elj
4.666619062423706	0200	3elj
8.17003870010376	0201	3elj
6.00716495513916	0205	3elj
5.893476963043213	0211	3elj
5.983019113540649	0213	3elj
15.669985055923462	0216	3elj
14.606949090957642	0219	3elj
12.906221628189087	0226	3elj
28.422600984573364	0231	3elj
8.895538091659546	0235	3elj
12.609334945678711	0243	3elj
6.872828722000122	0244	3elj
5.93939208984375	0247	3elj
21.28876805305481	0257	3elj
19.564494132995605	0263	3elj
26.389499187469482	0265	3elj
15.69865083694458	0274	3elj
15.278959035873413	0278	3elj
18.863011837005615	0289	3elj
8.644721984863281	0293	3elj
22.92042064666748	0294	3elj
9.8940908908844	0302	3elj
8.314882040023804	0305	3elj
16.7258198261261	0309	3elj
15.228283882141113	0320	3elj
20.6985080242157	0324	3elj
33.78299283981323	0346	3elj
25.02694797515869	0347	3elj
15.985766887664795	0349	3elj
15.989089012145996	0351	3elj
19.839661121368408	0354	3elj
20.223033905029297	0361	3elj
27.184081077575684	0362	3elj
17.98227286338806	0364	3elj
11.924565076828003	0381	3elj
12.815500020980835	0382	3elj
12.515966176986694	0385	3elj
18.313222885131836	0386	3elj
9.673523902893066	0393	3elj
9.347660064697266	0395	3elj
11.068773984909058	0399	3elj
15.533015012741089	0400	3elj
12.098388195037842	0408	3elj
18.771824836730957	0411	3elj
18.817501068115234	0412	3elj
23.840694189071655	0414	3elj
19.064064979553223	0416	3elj
7.837118148803711	0421	3elj
7.350788831710815	0425	3elj
12.341228008270264	0426	3elj
6.030829191207886	0428	3elj
19.198490858078003	0429	3elj
7.81522011756897	0436	3elj
10.423539876937866	0439	3elj
26.651036977767944	0441	3elj
21.72855496406555	0444	3elj
5.209655046463013	0454	3elj
13.385586023330688	0455	3elj
13.266913175582886	0459	3elj
11.398599863052368	0467	3elj
16.07416605949402	0469	3elj
9.528326034545898	0471	3elj
16.9168701171875	0473	3elj
17.519673109054565	0483	3elj
30.1532621383667	0484	3elj
20.477203845977783	0485	3elj
14.044759035110474	0500	3elj
4.131741046905518	0502	3elj
4.701001167297363	0504	3elj
6.778634786605835	0505	3elj
14.376626968383789	0513	3elj
10.642008781433105	0526	3elj
8.81807804107666	0550	3elj
9.018818855285645	0556	3elj
4.535290241241455	0558	3elj
10.682245016098022	0559	3elj
11.041443109512329	0566	3elj
15.363399028778076	0571	3elj
6.370209217071533	0578	3elj
11.848014116287231	0579	3elj
3.0108816623687744	0588	3elj
2.895076036453247	0591	3elj
4.088727235794067	0592	3elj
8.850756883621216	0596	3elj
19.835329055786133	0610	3elj
17.16802215576172	0611	3elj
8.116134881973267	0616	3elj
6.3224170207977295	0617	3elj
4.352899789810181	0624	3elj
19.260278940200806	0625	3elj
16.785348176956177	0626	3elj
11.923111915588379	0631	3elj
17.759559869766235	0648	3elj
11.761189222335815	0653	3elj
6.676497220993042	0662	3elj
7.5821850299835205	0663	3elj
11.16572904586792	0666	3elj
6.837232828140259	0670	3elj
9.555679082870483	0677	3elj
6.131060838699341	0680	3elj
7.264823913574219	0681	3elj
1.6739540100097656	0683	3elj
1.5959601402282715	0684	3elj
12.88663387298584	0692	3elj
13.72649598121643	0693	3elj
5.938537120819092	0695	3elj
11.524163007736206	0696	3elj
19.864277124404907	0699	3elj
11.146337032318115	0706	3elj
15.94883680343628	0708	3elj
10.08025598526001	0709	3elj
11.9849271774292	0716	3elj
7.559136152267456	0723	3elj
4.938168048858643	0727	3elj
10.942739009857178	0729	3elj
3.853431224822998	0737	3elj
13.327754020690918	0743	3elj
11.1164391040802	0746	3elj
11.667809009552002	0754	3elj
10.892346858978271	0755	3elj
18.890583992004395	0767	3elj
8.309561252593994	0769	3elj
21.718252897262573	0776	3elj
27.15031099319458	0783	3elj
26.65539789199829	0784	3elj
9.544485092163086	0786	3elj
4.088092803955078	0789	3elj
8.295764923095703	0790	3elj
13.807117938995361	0797	3elj
16.571192026138306	0800	3elj
13.711159706115723	0803	3elj
18.04400086402893	0814	3elj
13.749855995178223	0827	3elj
10.520994901657104	0833	3elj
10.464494943618774	0834	3elj
9.237374782562256	0835	3elj
10.196510076522827	0836	3elj
17.65840792655945	0847	3elj
12.566077947616577	0850	3elj
10.80889105796814	0860	3elj
17.10994267463684	0861	3elj
12.484494924545288	0862	3elj
12.965346097946167	0865	3elj
14.026106119155884	0872	3elj
18.045247077941895	0873	3elj
12.342540740966797	0874	3elj
12.80607008934021	0886	3elj
6.907037973403931	0892	3elj
6.215862989425659	0895	3elj
11.478535890579224	0906	3elj
6.502765893936157	0908	3elj
8.149545907974243	0910	3elj
7.945979833602905	0920	3elj
13.790259838104248	0924	3elj
14.107494831085205	0935	3elj
10.980597972869873	0937	3elj
7.702646970748901	0950	3elj
13.059638023376465	0956	3elj
9.07609510421753	0961	3elj
10.8779456615448	0969	3elj
4.061261177062988	0971	3elj
4.792234659194946	0978	3elj
3.9840457439422607	0979	3elj
7.761938810348511	0980	3elj
15.967183828353882	0983	3elj
8.674122095108032	0985	3elj
11.0609290599823	0991	3elj
7.881608247756958	0993	3elj
34.01676106452942	0999	3elj
7.454118251800537	1001	3elj
12.007881164550781	1008	3elj
16.298822164535522	1011	3elj
22.157567024230957	1027	3elj
11.263704776763916	1028	3elj
15.34799075126648	1037	3elj
20.819234132766724	1040	3elj
16.65634322166443	1042	3elj
13.112635850906372	1043	3elj
13.547453880310059	1044	3elj
9.54626989364624	1051	3elj
12.010459899902344	1056	3elj
18.723798990249634	1061	3elj
16.563028812408447	1073	3elj
14.600255012512207	1076	3elj
14.145055055618286	1081	3elj
12.684080123901367	1084	3elj
9.180528163909912	1089	3elj
8.6148099899292	1100	3elj
9.945631980895996	1101	3elj
24.23751711845398	1105	3elj
27.49003577232361	1112	3elj
17.334892749786377	1113	3elj
13.758726119995117	1114	3elj
10.848677158355713	1130	3elj
25.277199029922485	1133	3elj
17.97886896133423	1143	3elj
6.512101888656616	1151	3elj
7.907404899597168	1157	3elj
8.81852388381958	1160	3elj
16.28435778617859	1161	3elj
28.25205087661743	1177	3elj
28.19810390472412	1178	3elj
24.70989418029785	1180	3elj
6.7557291984558105	1192	3elj
10.270293951034546	1193	3elj
7.07461404800415	1206	3elj
7.020341873168945	1209	3elj
10.298310995101929	1211	3elj
13.000601053237915	1217	3elj
11.067368984222412	1219	3elj
9.83777904510498	1220	3elj
7.836019992828369	1222	3elj
10.136784791946411	1224	3elj
7.141921043395996	1226	3elj
23.859858989715576	1231	3elj
17.123344898223877	1236	3elj
15.906471729278564	1237	3elj
4.722409963607788	1248	3elj
20.5295729637146	1255	3elj
14.41818904876709	1256	3elj
9.350683212280273	1265	3elj
8.328737020492554	1266	3elj
24.470251083374023	1271	3elj
28.638062715530396	1280	3elj
10.22287106513977	1282	3elj
26.99734592437744	1284	3elj
22.0779230594635	1285	3elj
5.350325107574463	1295	3elj
21.734261989593506	1299	3elj
5.290106773376465	1300	3elj
6.7278971672058105	1301	3elj
17.404977083206177	1310	3elj
17.759799003601074	1314	3elj
16.007384061813354	1315	3elj
13.450232982635498	1325	3elj
9.216755151748657	1329	3elj
16.241869926452637	1337	3elj
11.484836101531982	1341	3elj
37.900943994522095	1343	3elj
11.757679224014282	1355	3elj
5.858285903930664	1357	3elj
21.36798596382141	1360	3elj
12.576974153518677	1372	3elj
16.793747901916504	1381	3elj
17.0400550365448	1386	3elj
9.560473203659058	1388	3elj
9.391572952270508	1404	3elj
4.12633490562439	1405	3elj
6.901636838912964	1413	3elj
17.011588096618652	1415	3elj
21.03406834602356	1428	3elj
4.895921230316162	1432	3elj
10.565024137496948	1433	3elj
9.113582134246826	1434	3elj
17.22782588005066	1435	3elj
22.878498077392578	1436	3elj
20.007706880569458	1444	3elj
25.77806520462036	1447	3elj
16.159379959106445	1466	3elj
18.4233341217041	1471	3elj
27.813730001449585	1477	3elj
18.085899829864502	1486	3elj
12.804508924484253	1487	3elj
14.193419694900513	1491	3elj
19.981459856033325	1506	3elj
15.208798170089722	1507	3elj
19.279550075531006	1511	3elj
9.251292943954468	1516	3elj
12.23343300819397	1518	3elj
6.2120280265808105	1521	3elj
8.247687339782715	1523	3elj
10.914845943450928	1525	3elj
11.74229097366333	1531	3elj
11.913813829421997	1533	3elj
11.752637147903442	1535	3elj
15.451300144195557	1536	3elj
22.591773986816406	1539	3elj
4.827272891998291	1548	3elj
8.616602182388306	1553	3elj
15.079594135284424	1571	3elj
18.679133892059326	1576	3elj
10.969927072525024	1581	3elj
8.547488927841187	1586	3elj
9.847570896148682	1591	3elj
8.01433801651001	1594	3elj
10.819591999053955	1599	3elj
10.847487211227417	1609	3elj
14.100815057754517	1612	3elj
8.778874158859253	1622	3elj
17.77058219909668	1624	3elj
24.317950963974	1630	3elj
10.82414174079895	1631	3elj
13.912938356399536	1637	3elj
23.510220050811768	1638	3elj
2.840970993041992	1651	3elj
11.60732889175415	1657	3elj
14.535093069076538	1660	3elj
18.69594979286194	1666	3elj
29.539072036743164	1673	3elj
7.141775131225586	1676	3elj
11.106211185455322	1687	3elj
16.162834882736206	1689	3elj
19.534459829330444	1690	3elj
22.357558965682983	1691	3elj
13.042974948883057	1699	3elj
2.972440719604492	1706	3elj
16.584342002868652	1711	3elj
13.095479965209961	1718	3elj
12.441083908081055	1721	3elj
19.02304220199585	1726	3elj
12.487037181854248	1732	3elj
18.67477297782898	1736	3elj
14.800020933151245	1741	3elj
18.117783069610596	1744	3elj
19.09593415260315	1745	3elj
10.280081987380981	1750	3elj
10.162191152572632	1758	3elj
24.025492906570435	1764	3elj
6.779128789901733	1781	3elj
12.319711923599243	1788	3elj
9.556123733520508	1789	3elj
9.789106130599976	1790	3elj
6.775585889816284	1801	3elj
9.404912948608398	1802	3elj
6.569666147232056	1804	3elj
12.529047012329102	1806	3elj
7.314010858535767	1808	3elj
22.70695924758911	1810	3elj
17.904987812042236	1816	3elj
4.680573225021362	1822	3elj
13.074090003967285	1825	3elj
23.427661895751953	1835	3elj
15.38686728477478	1837	3elj
14.626301050186157	1846	3elj
8.457252979278564	1850	3elj
11.568264245986938	1852	3elj
14.846556901931763	1856	3elj
16.599099159240723	1863	3elj
13.039736986160278	1865	3elj
10.776087045669556	1871	3elj
9.775127172470093	1893	3elj
7.276845216751099	1894	3elj
14.425848960876465	1895	3elj
23.351864099502563	1906	3elj
12.845113754272461	1913	3elj
17.361765146255493	1927	3elj
12.421885967254639	1928	3elj
17.625611066818237	1930	3elj
8.792729139328003	1936	3elj
22.187376022338867	1937	3elj
9.77439570426941	1939	3elj
16.51985192298889	1940	3elj
4.1234471797943115	1941	3elj
9.997528076171875	1943	3elj
7.5857038497924805	1945	3elj
27.396268129348755	1956	3elj
20.457102060317993	1957	3elj
9.50546407699585	1958	3elj
14.30883002281189	1960	3elj
9.133384943008423	1966	3elj
9.34421706199646	1969	3elj
5.45533013343811	1971	3elj
5.321650743484497	1973	3elj
8.54459810256958	1974	3elj
7.909142017364502	1976	3elj
5.714360952377319	1982	3elj
9.514205932617188	1986	3elj
12.389019012451172	1991	3elj
9.439454793930054	2003	3elj
10.991131067276001	2004	3elj
5.97915506362915	2012	3elj
6.947939157485962	2014	3elj
8.430234909057617	2017	3elj
5.001630067825317	2020	3elj
10.809455156326294	2028	3elj
14.73328423500061	2032	3elj
11.542853116989136	2033	3elj
18.761418104171753	2041	3elj
14.328593730926514	2043	3elj
13.445775985717773	2046	3elj
18.64792513847351	2063	3elj
15.822787046432495	2072	3elj
14.185368776321411	2079	3elj
20.219417095184326	2087	3elj
10.747331142425537	2091	3elj
9.514299869537354	2103	3elj
4.566740989685059	2105	3elj
4.1980743408203125	2109	3elj
17.615278005599976	2116	3elj
11.817530870437622	2121	3elj
15.92422080039978	2122	3elj
7.100488901138306	2124	3elj
15.795905113220215	2134	3elj
16.203560829162598	2136	3elj
9.899009943008423	2139	3elj
7.895885705947876	2149	3elj
15.400635957717896	2163	3elj
8.448791027069092	2164	3elj
13.635036945343018	2170	3elj
9.732270002365112	2177	3elj
12.06467604637146	2184	3elj
13.785560846328735	2195	3elj
14.75416898727417	2197	3elj
22.983489990234375	2210	3elj
9.863338947296143	2213	3elj
13.342840194702148	2214	3elj
15.650563955307007	2225	3elj
7.721560001373291	2231	3elj
10.02997612953186	2242	3elj
8.486515998840332	2266	3elj
9.596204996109009	2267	3elj
6.487543106079102	2270	3elj
10.167505025863647	2271	3elj
17.034530878067017	2272	3elj
4.271525144577026	2275	3elj
4.232477903366089	2276	3elj
20.191083908081055	2281	3elj
17.53643488883972	2282	3elj
15.986212015151978	2284	3elj
22.50766611099243	2285	3elj
18.990607023239136	2286	3elj
31.129090070724487	2298	3elj
6.5115461349487305	2301	3elj
11.44732403755188	2304	3elj
13.684161186218262	2319	3elj
11.080977201461792	2330	3elj
16.223933935165405	2334	3elj
27.497978925704956	2335	3elj
11.148178100585938	2345	3elj
5.723452091217041	2349	3elj
6.0239951610565186	2350	3elj
26.30171275138855	2357	3elj
18.21525502204895	2358	3elj
11.795588970184326	2359	3elj
11.072618961334229	2361	3elj
18.978878021240234	2363	3elj
20.14598798751831	2364	3elj
16.60734796524048	2365	3elj
12.910556316375732	2373	3elj
21.293847799301147	2375	3elj
24.17473030090332	2377	3elj
10.97803807258606	2380	3elj
14.735812187194824	2381	3elj
13.85683012008667	2386	3elj
18.022562980651855	2402	3elj
8.68239164352417	2403	3elj
20.993752002716064	2416	3elj
12.71017599105835	2417	3elj
15.254799127578735	2419	3elj
15.584000825881958	2420	3elj
8.708848714828491	2432	3elj
12.175846815109253	2439	3elj
14.32574987411499	2440	3elj
27.01795196533203	2447	3elj
32.29798769950867	0002	3npc
30.54804563522339	0003	3npc
20.887688159942627	0004	3npc
41.72145891189575	0005	3npc
19.492746114730835	0006	3npc
35.620261907577515	0011	3npc
30.421847105026245	0017	3npc
35.57963013648987	0018	3npc
32.835731983184814	0020	3npc
40.87748193740845	0023	3npc
9.136030197143555	0026	3npc
12.156407117843628	0031	3npc
20.20648193359375	0033	3npc
20.270668983459473	0035	3npc
13.064089059829712	0037	3npc
5.646850109100342	0039	3npc
6.50108003616333	0056	3npc
6.116014719009399	0064	3npc
6.370760917663574	0067	3npc
5.397320985794067	0081	3npc
9.575999021530151	0085	3npc
13.151740789413452	0095	3npc
16.387285947799683	0106	3npc
17.274503231048584	0107	3npc
14.69723892211914	0111	3npc
15.398478984832764	0127	3npc
11.978830814361572	0129	3npc
11.624236822128296	0130	3npc
9.563013792037964	0131	3npc
11.341177940368652	0136	3npc
5.860565662384033	0137	3npc
5.967686891555786	0138	3npc
5.334696054458618	0141	3npc
10.553662300109863	0152	3npc
27.47382688522339	0153	3npc
14.102216005325317	0156	3npc
36.829697132110596	0167	3npc
39.02922797203064	0169	3npc
36.98322296142578	0170	3npc
23.00089693069458	0175	3npc
23.344445943832397	0176	3npc
38.10752630233765	0182	3npc
28.28025507926941	0184	3npc
21.39788293838501	0188	3npc
22.44560718536377	0191	3npc
8.945878028869629	0199	3npc
4.853514909744263	0200	3npc
9.283226251602173	0201	3npc
7.3833959102630615	0205	3npc
5.9444921016693115	0211	3npc
7.5006232261657715	0213	3npc
17.014911890029907	0216	3npc
15.2709219455719	0219	3npc
18.781924724578857	0226	3npc
42.42608308792114	0231	3npc
9.52637791633606	0235	3npc
11.80966305732727	0243	3npc
7.09358286857605	0244	3npc
5.46619987487793	0247	3npc
23.012610912322998	0257	3npc
25.130716800689697	0263	3npc
26.845539093017578	0265	3npc
14.844618797302246	0274	3npc
15.720017910003662	0278	3npc
19.34830594062805	0289	3npc
12.227949142456055	0293	3npc
22.654145002365112	0294	3npc
12.557804107666016	0302	3npc
9.76550030708313	0305	3npc
19.391890287399292	0309	3npc
18.16553783416748	0320	3npc
32.298871994018555	0324	3npc
35.62263321876526	0346	3npc
27.104506969451904	0347	3npc
20.292481899261475	0349	3npc
25.571595191955566	0351	3npc
20.906013011932373	0354	3npc
26.82625102996826	0361	3npc
39.413472175598145	0362	3npc
22.639971017837524	0364	3npc
13.326894044876099	0381	3npc
12.011924028396606	0382	3npc
15.173378944396973	0385	3npc
16.65039587020874	0386	3npc
10.868105173110962	0393	3npc
10.327568769454956	0395	3npc
12.675428867340088	0399	3npc
14.40294885635376	0400	3npc
15.01973295211792	0408	3npc
19.34008502960205	0411	3npc
21.362885236740112	0412	3npc
24.418283939361572	0414	3npc
19.475610971450806	0416	3npc
10.551672220230103	0421	3npc
8.192892789840698	0425	3npc
13.839266777038574	0426	3npc
7.2013819217681885	0428	3npc
23.551128149032593	0429	3npc
8.692097902297974	0436	3npc
11.285802841186523	0439	3npc
29.16817307472229	0441	3npc
25.362560987472534	0444	3npc
5.492025136947632	0454	3npc
14.446506023406982	0455	3npc
14.027026891708374	0459	3npc
14.776271104812622	0467	3npc
18.400187015533447	0469	3npc
10.394567251205444	0471	3npc
18.363031148910522	0473	3npc
18.275961875915527	0483	3npc
24.23307180404663	0484	3npc
23.735285997390747	0485	3npc
15.83707594871521	0500	3npc
4.501964092254639	0502	3npc
4.980445146560669	0504	3npc
7.131471872329712	0505	3npc
18.56278705596924	0513	3npc
11.358670234680176	0526	3npc
10.882421016693115	0550	3npc
10.408332109451294	0556	3npc
4.978215932846069	0558	3npc
10.68098497390747	0559	3npc
11.382419109344482	0566	3npc
19.617496967315674	0571	3npc
8.045167207717896	0578	3npc
12.595520973205566	0579	3npc
3.6195311546325684	0588	3npc
2.7668707370758057	0591	3npc
4.1392412185668945	0592	3npc
9.790584087371826	0596	3npc
24.739484786987305	0610	3npc
17.864959955215454	0611	3npc
9.173773765563965	0616	3npc
7.0499420166015625	0617	3npc
4.968947887420654	0624	3npc
25.44473123550415	0625	3npc
20.058773040771484	0626	3npc
13.92849588394165	0631	3npc
18.704209327697754	0648	3npc
15.903918981552124	0653	3npc
7.408863067626953	0662	3npc
8.78125286102295	0663	3npc
12.179651737213135	0666	3npc
7.608572244644165	0670	3npc
11.615216970443726	0677	3npc
7.214490175247192	0680	3npc
8.796907901763916	0681	3npc
1.6688449382781982	0683	3npc
1.6577458381652832	0684	3npc
15.400782108306885	0692	3npc
16.144567012786865	0693	3npc
6.01905632019043	0695	3npc
11.158133029937744	0696	3npc
21.019378185272217	0699	3npc
19.496870279312134	0706	3npc
19.152806282043457	0708	3npc
15.068105936050415	0709	3npc
13.183304786682129	0716	3npc
9.608869791030884	0723	3npc
5.429950952529907	0727	3npc
13.318817853927612	0729	3npc
4.1298911571502686	0737	3npc
13.523113012313843	0743	3npc
11.564619779586792	0746	3npc
11.472322225570679	0754	3npc
11.435364007949829	0755	3npc
22.09087586402893	0767	3npc
8.659865140914917	0769	3npc
22.775469064712524	0776	3npc
27.47775888442993	0783	3npc
26.896957397460938	0784	3npc
9.159888982772827	0786	3npc
4.178261995315552	0789	3npc
9.00213885307312	0790	3npc
17.14397096633911	0797	3npc
19.00268006324768	0800	3npc
15.814453840255737	0803	3npc
20.391032218933105	0814	3npc
16.521841049194336	0827	3npc
13.100497961044312	0833	3npc
10.750056266784668	0834	3npc
10.240957975387573	0835	3npc
10.437639951705933	0836	3npc
23.223361015319824	0847	3npc
13.784743785858154	0850	3npc
12.77380084991455	0860	3npc
17.505501985549927	0861	3npc
16.388983011245728	0862	3npc
14.628328800201416	0865	3npc
16.85456395149231	0872	3npc
20.90947389602661	0873	3npc
13.335584878921509	0874	3npc
14.783456087112427	0886	3npc
7.742701053619385	0892	3npc
7.330559015274048	0895	3npc
15.764400005340576	0906	3npc
6.752944231033325	0908	3npc
8.135207891464233	0910	3npc
9.345756769180298	0920	3npc
14.423872947692871	0924	3npc
20.997373819351196	0935	3npc
12.158324956893921	0937	3npc
8.86646294593811	0950	3npc
14.13361120223999	0956	3npc
13.293565034866333	0961	3npc
12.412880182266235	0969	3npc
4.921669244766235	0971	3npc
6.404376983642578	0978	3npc
4.726629257202148	0979	3npc
11.055914878845215	0980	3npc
23.186829090118408	0983	3npc
9.096388101577759	0985	3npc
12.731689929962158	0991	3npc
8.121980905532837	0993	3npc
43.98656988143921	0999	3npc
9.257136344909668	1001	3npc
12.309951066970825	1008	3npc
20.31778883934021	1011	3npc
24.96085810661316	1027	3npc
11.967122077941895	1028	3npc
17.891729831695557	1037	3npc
24.286264657974243	1040	3npc
18.525462865829468	1042	3npc
16.479762077331543	1043	3npc
12.86142110824585	1044	3npc
10.640785932540894	1051	3npc
12.895756006240845	1056	3npc
18.77957797050476	1061	3npc
18.70417809486389	1073	3npc
13.532754898071289	1076	3npc
14.419270992279053	1081	3npc
14.338767766952515	1084	3npc
9.535323143005371	1089	3npc
9.008555889129639	1100	3npc
9.517356872558594	1101	3npc
26.551509141921997	1105	3npc
30.475972652435303	1112	3npc
17.557195901870728	1113	3npc
12.677196025848389	1114	3npc
12.760946035385132	1130	3npc
27.331826210021973	1133	3npc
23.849803924560547	1143	3npc
5.749249219894409	1151	3npc
8.922246217727661	1157	3npc
9.896281003952026	1160	3npc
22.418025970458984	1161	3npc
37.878336906433105	1177	3npc
45.72277593612671	1178	3npc
30.282947063446045	1180	3npc
7.251057147979736	1192	3npc
12.638339757919312	1193	3npc
8.184467077255249	1206	3npc
8.812659978866577	1209	3npc
10.725773096084595	1211	3npc
15.744327306747437	1217	3npc
11.769438982009888	1219	3npc
10.477405071258545	1220	3npc
8.47627067565918	1222	3npc
11.035001039505005	1224	3npc
6.9093708992004395	1226	3npc
33.27718901634216	1231	3npc
25.630017042160034	1236	3npc
20.251542806625366	1237	3npc
4.944900751113892	1248	3npc
30.76721477508545	1255	3npc
17.00867986679077	1256	3npc
9.471800804138184	1265	3npc
8.570960760116577	1266	3npc
31.66535711288452	1271	3npc
35.945313930511475	1280	3npc
11.367698907852173	1282	3npc
36.74928617477417	1284	3npc
31.29109787940979	1285	3npc
6.495394706726074	1295	3npc
23.987961769104004	1299	3npc
5.2292070388793945	1300	3npc
6.8884570598602295	1301	3npc
22.333249807357788	1310	3npc
26.939125061035156	1314	3npc
23.85271692276001	1315	3npc
20.078396797180176	1325	3npc
11.80679178237915	1329	3npc
17.69739580154419	1337	3npc
13.77238416671753	1341	3npc
40.08804202079773	1343	3npc
12.561931848526001	1355	3npc
6.5103607177734375	1357	3npc
27.92481303215027	1360	3npc
14.26590085029602	1372	3npc
20.159139156341553	1381	3npc
18.46130919456482	1386	3npc
9.596027135848999	1388	3npc
10.651803016662598	1404	3npc
4.474167108535767	1405	3npc
7.924345016479492	1413	3npc
17.570754051208496	1415	3npc
25.267334938049316	1428	3npc
4.924517869949341	1432	3npc
10.830896854400635	1433	3npc
10.12290906906128	1434	3npc
26.39294719696045	1435	3npc
32.18675112724304	1436	3npc
22.739381313323975	1444	3npc
30.40485978126526	1447	3npc
15.661678075790405	1466	3npc
23.863161087036133	1471	3npc
40.39630722999573	1477	3npc
20.439296007156372	1486	3npc
14.631365060806274	1487	3npc
16.87161421775818	1491	3npc
20.233277797698975	1506	3npc
22.433314085006714	1507	3npc
19.333489179611206	1511	3npc
10.927549839019775	1516	3npc
12.836979866027832	1518	3npc
6.654576301574707	1521	3npc
7.797104120254517	1523	3npc
12.706466913223267	1525	3npc
14.187458992004395	1531	3npc
16.661452054977417	1533	3npc
14.001848936080933	1535	3npc
14.402684926986694	1536	3npc
21.59921884536743	1539	3npc
4.561290979385376	1548	3npc
9.227206707000732	1553	3npc
17.940743923187256	1571	3npc
20.3417809009552	1576	3npc
12.071757078170776	1581	3npc
8.809776067733765	1586	3npc
9.3419930934906	1591	3npc
9.023573875427246	1594	3npc
11.677669048309326	1599	3npc
9.715437173843384	1609	3npc
20.40204691886902	1612	3npc
9.355503797531128	1622	3npc
20.9867262840271	1624	3npc
30.314589023590088	1630	3npc
11.368046045303345	1631	3npc
13.95983624458313	1637	3npc
32.90629506111145	1638	3npc
2.9221107959747314	1651	3npc
16.77492380142212	1657	3npc
20.26443910598755	1660	3npc
18.752304077148438	1666	3npc
32.41377592086792	1673	3npc
7.859202861785889	1676	3npc
12.470598936080933	1687	3npc
18.906013011932373	1689	3npc
19.65647006034851	1690	3npc
24.351617097854614	1691	3npc
13.693674087524414	1699	3npc
3.052391767501831	1706	3npc
17.65723991394043	1711	3npc
17.709019899368286	1718	3npc
13.647310018539429	1721	3npc
19.3714017868042	1726	3npc
15.649367809295654	1732	3npc
18.64755892753601	1736	3npc
19.3832049369812	1741	3npc
20.370147228240967	1744	3npc
20.871090173721313	1745	3npc
11.5798180103302	1750	3npc
11.504499912261963	1758	3npc
20.762989044189453	1764	3npc
7.265730142593384	1781	3npc
18.2669780254364	1788	3npc
10.989189863204956	1789	3npc
12.34058403968811	1790	3npc
7.847765922546387	1801	3npc
11.023452043533325	1802	3npc
7.577702045440674	1804	3npc
14.231806993484497	1806	3npc
8.192194938659668	1808	3npc
24.45129132270813	1810	3npc
19.75977110862732	1816	3npc
5.056936979293823	1822	3npc
14.111159086227417	1825	3npc
25.643606662750244	1835	3npc
15.461796760559082	1837	3npc
14.12405514717102	1846	3npc
8.24771499633789	1850	3npc
9.705899953842163	1852	3npc
16.172035932540894	1856	3npc
24.02859330177307	1863	3npc
16.020480155944824	1865	3npc
12.355032205581665	1871	3npc
11.097617149353027	1893	3npc
8.359236001968384	1894	3npc
20.54923105239868	1895	3npc
34.645445108413696	1906	3npc
15.076069831848145	1913	3npc
16.224550008773804	1927	3npc
13.21293592453003	1928	3npc
20.055758953094482	1930	3npc
9.217020988464355	1936	3npc
25.90378999710083	1937	3npc
11.665904998779297	1939	3npc
17.856773138046265	1940	3npc
4.160242080688477	1941	3npc
12.102141857147217	1943	3npc
8.275736808776855	1945	3npc
34.93705701828003	1956	3npc
27.543989896774292	1957	3npc
11.122178077697754	1958	3npc
14.911673784255981	1960	3npc
11.499410152435303	1966	3npc
11.470194101333618	1969	3npc
5.529022932052612	1971	3npc
5.216969966888428	1973	3npc
11.59650468826294	1974	3npc
9.09392786026001	1976	3npc
6.458264112472534	1982	3npc
11.639822244644165	1986	3npc
14.677565813064575	1991	3npc
10.650639772415161	2003	3npc
11.444065570831299	2004	3npc
7.837112188339233	2012	3npc
8.633884906768799	2014	3npc
8.451216220855713	2017	3npc
6.1589131355285645	2020	3npc
12.445191383361816	2028	3npc
19.917211055755615	2032	3npc
16.342167139053345	2033	3npc
20.010026931762695	2041	3npc
18.98395800590515	2043	3npc
14.256131887435913	2046	3npc
18.60775899887085	2063	3npc
16.84886884689331	2072	3npc
14.297138929367065	2079	3npc
25.94991683959961	2087	3npc
11.01822304725647	2091	3npc
11.545906066894531	2103	3npc
4.82793116569519	2105	3npc
4.467017889022827	2109	3npc
20.18791890144348	2116	3npc
14.531344890594482	2121	3npc
18.260425806045532	2122	3npc
7.174690008163452	2124	3npc
18.81842827796936	2134	3npc
17.625842809677124	2136	3npc
11.289069175720215	2139	3npc
8.73974609375	2149	3npc
17.271299839019775	2163	3npc
8.968226909637451	2164	3npc
20.799731969833374	2170	3npc
10.130892038345337	2177	3npc
17.05234408378601	2184	3npc
16.452672004699707	2195	3npc
18.05252695083618	2197	3npc
33.75486612319946	2210	3npc
12.847195148468018	2213	3npc
15.63253402709961	2214	3npc
14.816319227218628	2225	3npc
8.706840991973877	2231	3npc
11.29210901260376	2242	3npc
11.465583801269531	2266	3npc
10.093019247055054	2267	3npc
6.7647318840026855	2270	3npc
11.396251916885376	2271	3npc
21.050894021987915	2272	3npc
4.240122079849243	2275	3npc
4.196095943450928	2276	3npc
19.213592767715454	2281	3npc
18.967736959457397	2282	3npc
20.4655179977417	2284	3npc
21.370673894882202	2285	3npc
24.9790780544281	2286	3npc
33.888421058654785	2298	3npc
6.904655933380127	2301	3npc
13.673074007034302	2304	3npc
16.40721893310547	2319	3npc
12.608756065368652	2330	3npc
19.811381101608276	2334	3npc
26.933147192001343	2335	3npc
10.988100051879883	2345	3npc
6.297031879425049	2349	3npc
6.0886549949646	2350	3npc
24.69758915901184	2357	3npc
18.5762460231781	2358	3npc
13.71486210823059	2359	3npc
14.216018915176392	2361	3npc
23.801658868789673	2363	3npc
21.12741780281067	2364	3npc
21.7654230594635	2365	3npc
13.816349983215332	2373	3npc
21.489442110061646	2375	3npc
29.392152070999146	2377	3npc
11.687883138656616	2380	3npc
18.21490716934204	2381	3npc
14.796550035476685	2386	3npc
19.7060968875885	2402	3npc
9.055458068847656	2403	3npc
24.839460849761963	2416	3npc
14.489383220672607	2417	3npc
18.7397780418396	2419	3npc
20.336605072021484	2420	3npc
10.481569051742554	2432	3npc
13.924615859985352	2439	3npc
17.31496500968933	2440	3npc
27.320530891418457	2447	3npc
29.584553956985474	0002	3sx0
34.26037001609802	0003	3sx0
19.5204439163208	0004	3sx0
46.314743757247925	0005	3sx0
22.285098791122437	0006	3sx0
30.378103971481323	0011	3sx0
41.862977027893066	0017	3sx0
38.59797024726868	0018	3sx0
27.2948260307312	0020	3sx0
36.93699407577515	0023	3sx0
8.756871938705444	0026	3sx0
13.222318172454834	0031	3sx0
20.63817024230957	0033	3sx0
17.8105149269104	0035	3sx0
9.580446004867554	0037	3sx0
7.3350749015808105	0039	3sx0
7.128145933151245	0056	3sx0
5.906505823135376	0064	3sx0
6.203939199447632	0067	3sx0
5.416323661804199	0081	3sx0
7.772119045257568	0085	3sx0
10.879301071166992	0095	3sx0
14.823520183563232	0106	3sx0
20.4437038898468	0107	3sx0
15.209172010421753	0111	3sx0
11.313513994216919	0127	3sx0
9.63907504081726	0129	3sx0
13.465002536773682	0130	3sx0
10.677407026290894	0131	3sx0
11.148228168487549	0136	3sx0
5.4464898109436035	0137	3sx0
7.320963144302368	0138	3sx0
7.866017818450928	0141	3sx0
12.975936889648438	0152	3sx0
20.197434186935425	0153	3sx0
14.122129917144775	0156	3sx0
32.636858224868774	0167	3sx0
25.37306785583496	0169	3sx0
31.711746215820312	0170	3sx0
16.562310218811035	0175	3sx0
17.112401247024536	0176	3sx0
37.087910175323486	0182	3sx0
20.949387788772583	0184	3sx0
20.928020000457764	0188	3sx0
19.96087884902954	0191	3sx0
7.705758810043335	0199	3sx0
5.538546085357666	0200	3sx0
8.62846302986145	0201	3sx0
7.726641893386841	0205	3sx0
5.717286825180054	0211	3sx0
6.251520872116089	0213	3sx0
18.72461199760437	0216	3sx0
16.501688241958618	0219	3sx0
13.77616810798645	0226	3sx0
25.628157138824463	0231	3sx0
7.444406986236572	0235	3sx0
16.04234218597412	0243	3sx0
8.097668170928955	0244	3sx0
6.130055904388428	0247	3sx0
25.55531120300293	0257	3sx0
28.706270933151245	0263	3sx0
23.004087924957275	0265	3sx0
22.88977599143982	0274	3sx0
15.21974778175354	0278	3sx0
23.161572217941284	0289	3sx0
11.567566156387329	0293	3sx0
21.896533966064453	0294	3sx0
11.558929920196533	0302	3sx0
9.109302997589111	0305	3sx0
20.0138156414032	0309	3sx0
14.80138611793518	0320	3sx0
22.24408721923828	0324	3sx0
24.71449112892151	0346	3sx0
20.466036081314087	0347	3sx0
23.543221950531006	0349	3sx0
15.929139375686646	0351	3sx0
21.73936891555786	0354	3sx0
21.960366010665894	0361	3sx0
27.086019277572632	0362	3sx0
16.844234943389893	0364	3sx0
12.119677305221558	0381	3sx0
17.069282054901123	0382	3sx0
11.898546934127808	0385	3sx0
18.34037470817566	0386	3sx0
9.762402057647705	0393	3sx0
9.455542087554932	0395	3sx0
11.321352005004883	0399	3sx0
14.792521953582764	0400	3sx0
14.908676862716675	0408	3sx0
24.536307096481323	0411	3sx0
19.857036113739014	0412	3sx0
22.931101083755493	0414	3sx0
20.286668062210083	0416	3sx0
7.924377918243408	0421	3sx0
7.465512990951538	0425	3sx0
11.843354940414429	0426	3sx0
9.190500736236572	0428	3sx0
21.51276707649231	0429	3sx0
9.342374086380005	0436	3sx0
14.600794076919556	0439	3sx0
25.881208896636963	0441	3sx0
18.676348209381104	0444	3sx0
4.848283052444458	0454	3sx0
10.183051109313965	0455	3sx0
16.90197205543518	0459	3sx0
10.885373830795288	0467	3sx0
14.785562753677368	0469	3sx0
11.271329164505005	0471	3sx0
20.36384415626526	0473	3sx0
17.220328092575073	0483	3sx0
36.65574502944946	0484	3sx0
36.38687586784363	0485	3sx0
16.153326272964478	0500	3sx0
5.20949912071228	0502	3sx0
6.084384918212891	0504	3sx0
8.134228944778442	0505	3sx0
19.311028957366943	0513	3sx0
11.578212022781372	0526	3sx0
14.219156980514526	0550	3sx0
10.956218004226685	0556	3sx0
6.460598945617676	0558	3sx0
15.3435959815979	0559	3sx0
10.804744005203247	0566	3sx0
18.445671796798706	0571	3sx0
7.955941915512085	0578	3sx0
12.757292985916138	0579	3sx0
3.7805960178375244	0588	3sx0
3.0422611236572266	0591	3sx0
5.444809913635254	0592	3sx0
10.51173710823059	0596	3sx0
19.511075019836426	0610	3sx0
29.787617921829224	0611	3sx0
9.318403244018555	0616	3sx0
6.874001979827881	0617	3sx0
4.451418161392212	0624	3sx0
22.598602056503296	0625	3sx0
16.957526683807373	0626	3sx0
11.381371974945068	0631	3sx0
16.226197957992554	0648	3sx0
13.08163571357727	0653	3sx0
6.810478925704956	0662	3sx0
8.618192911148071	0663	3sx0
11.530678033828735	0666	3sx0
6.372290134429932	0670	3sx0
9.93921709060669	0677	3sx0
6.527209281921387	0680	3sx0
9.285371780395508	0681	3sx0
1.6861798763275146	0683	3sx0
1.6975700855255127	0684	3sx0
12.55468225479126	0692	3sx0
15.802956104278564	0693	3sx0
6.076015949249268	0695	3sx0
12.41918683052063	0696	3sx0
19.394145965576172	0699	3sx0
12.687656164169312	0706	3sx0
19.601382732391357	0708	3sx0
10.92050814628601	0709	3sx0
11.343074798583984	0716	3sx0
8.860594749450684	0723	3sx0
6.521106958389282	0727	3sx0
12.045243978500366	0729	3sx0
3.9392940998077393	0737	3sx0
13.506856203079224	0743	3sx0
10.480436086654663	0746	3sx0
10.587311267852783	0754	3sx0
9.258306741714478	0755	3sx0
21.989736318588257	0767	3sx0
8.021303176879883	0769	3sx0
27.539496183395386	0776	3sx0
33.38953685760498	0783	3sx0
28.025983095169067	0784	3sx0
8.54489016532898	0786	3sx0
4.376175880432129	0789	3sx0
8.27365493774414	0790	3sx0
14.09663200378418	0797	3sx0
21.04928469657898	0800	3sx0
14.018702030181885	0803	3sx0
17.145686864852905	0814	3sx0
12.484141111373901	0827	3sx0
10.901010751724243	0833	3sx0
9.75134801864624	0834	3sx0
10.246023893356323	0835	3sx0
9.574944972991943	0836	3sx0
18.51136088371277	0847	3sx0
15.039650678634644	0850	3sx0
14.239437103271484	0860	3sx0
17.827999114990234	0861	3sx0
12.601562738418579	0862	3sx0
12.800132989883423	0865	3sx0
15.639800071716309	0872	3sx0
24.502871990203857	0873	3sx0
12.096849203109741	0874	3sx0
16.093649864196777	0886	3sx0
7.4752418994903564	0892	3sx0
6.368283987045288	0895	3sx0
12.929347038269043	0906	3sx0
6.8241868019104	0908	3sx0
10.705482959747314	0910	3sx0
7.949087858200073	0920	3sx0
14.643049955368042	0924	3sx0
21.58199405670166	0935	3sx0
9.714098930358887	0937	3sx0
8.343716144561768	0950	3sx0
16.716660022735596	0956	3sx0
13.609941959381104	0961	3sx0
16.99258279800415	0969	3sx0
5.951344966888428	0971	3sx0
7.096473217010498	0978	3sx0
6.106605052947998	0979	3sx0
10.413585901260376	0980	3sx0
23.493013858795166	0983	3sx0
10.017059803009033	0985	3sx0
15.855242013931274	0991	3sx0
8.896636962890625	0993	3sx0
27.398529052734375	0999	3sx0
9.776023149490356	1001	3sx0
13.284008026123047	1008	3sx0
25.69103717803955	1011	3sx0
23.854084968566895	1027	3sx0
11.439620971679688	1028	3sx0
13.10974907875061	1037	3sx0
19.354188680648804	1040	3sx0
14.862048864364624	1042	3sx0
16.70914316177368	1043	3sx0
13.063291788101196	1044	3sx0
9.162790060043335	1051	3sx0
16.130295038223267	1056	3sx0
19.68424701690674	1061	3sx0
17.268959999084473	1073	3sx0
13.169961214065552	1076	3sx0
20.07887101173401	1081	3sx0
13.839627981185913	1084	3sx0
9.31698203086853	1089	3sx0
8.123689889907837	1100	3sx0
11.291299104690552	1101	3sx0
26.109432220458984	1105	3sx0
27.66154193878174	1112	3sx0
17.941123247146606	1113	3sx0
12.940189123153687	1114	3sx0
11.4565269947052	1130	3sx0
26.174938917160034	1133	3sx0
20.89332604408264	1143	3sx0
6.204561233520508	1151	3sx0
10.598248958587646	1157	3sx0
10.26948094367981	1160	3sx0
17.184750080108643	1161	3sx0
34.90763998031616	1177	3sx0
24.818464994430542	1178	3sx0
18.366644144058228	1180	3sx0
7.392441987991333	1192	3sx0
10.18975019454956	1193	3sx0
8.726446866989136	1206	3sx0
7.421553134918213	1209	3sx0
12.581121921539307	1211	3sx0
14.258118867874146	1217	3sx0
10.996336936950684	1219	3sx0
11.952754974365234	1220	3sx0
7.879029750823975	1222	3sx0
11.791203260421753	1224	3sx0
9.079616069793701	1226	3sx0
28.738009929656982	1231	3sx0
19.105824947357178	1236	3sx0
18.65192198753357	1237	3sx0
4.735288143157959	1248	3sx0
23.572191953659058	1255	3sx0
16.596028327941895	1256	3sx0
8.085026025772095	1265	3sx0
8.5677809715271	1266	3sx0
31.208044052124023	1271	3sx0
24.261747121810913	1280	3sx0
11.205375909805298	1282	3sx0
32.62219500541687	1284	3sx0
20.22810387611389	1285	3sx0
8.475681066513062	1295	3sx0
26.637646913528442	1299	3sx0
4.893824100494385	1300	3sx0
7.503726959228516	1301	3sx0
23.092962980270386	1310	3sx0
18.22985601425171	1314	3sx0
15.287115097045898	1315	3sx0
13.229058027267456	1325	3sx0
15.502357959747314	1329	3sx0
17.29488706588745	1337	3sx0
12.837464809417725	1341	3sx0
37.448288917541504	1343	3sx0
9.966182708740234	1355	3sx0
7.1500420570373535	1357	3sx0
20.39916205406189	1360	3sx0
12.40316390991211	1372	3sx0
21.375224113464355	1381	3sx0
21.92037320137024	1386	3sx0
10.666476011276245	1388	3sx0
13.811761140823364	1404	3sx0
5.215401887893677	1405	3sx0
8.152997970581055	1413	3sx0
17.367366313934326	1415	3sx0
24.594029903411865	1428	3sx0
5.865179061889648	1432	3sx0
11.21260690689087	1433	3sx0
11.118077039718628	1434	3sx0
21.318691730499268	1435	3sx0
25.18850088119507	1436	3sx0
16.78231191635132	1444	3sx0
34.18785119056702	1447	3sx0
18.80696177482605	1466	3sx0
17.36934518814087	1471	3sx0
23.18789505958557	1477	3sx0
17.151792287826538	1486	3sx0
14.717992067337036	1487	3sx0
16.046074867248535	1491	3sx0
19.936378002166748	1506	3sx0
21.16449999809265	1507	3sx0
24.53447985649109	1511	3sx0
9.802567958831787	1516	3sx0
14.697395086288452	1518	3sx0
6.8291168212890625	1521	3sx0
8.859214067459106	1523	3sx0
9.47335696220398	1525	3sx0
10.329478979110718	1531	3sx0
12.237353086471558	1533	3sx0
12.154216051101685	1535	3sx0
12.97068476676941	1536	3sx0
21.633976221084595	1539	3sx0
4.950585842132568	1548	3sx0
9.661789894104004	1553	3sx0
19.61589789390564	1571	3sx0
18.613668203353882	1576	3sx0
13.376752138137817	1581	3sx0
11.359496831893921	1586	3sx0
7.784306764602661	1591	3sx0
8.285346746444702	1594	3sx0
13.35595417022705	1599	3sx0
10.023449897766113	1609	3sx0
17.941465139389038	1612	3sx0
10.0157470703125	1622	3sx0
18.224836826324463	1624	3sx0
20.850899934768677	1630	3sx0
11.20547103881836	1631	3sx0
13.20936918258667	1637	3sx0
27.5647029876709	1638	3sx0
2.9231553077697754	1651	3sx0
13.041183948516846	1657	3sx0
16.418315887451172	1660	3sx0
19.685002088546753	1666	3sx0
28.34535503387451	1673	3sx0
6.910630226135254	1676	3sx0
11.316141128540039	1687	3sx0
14.179021120071411	1689	3sx0
19.863812685012817	1690	3sx0
28.94155526161194	1691	3sx0
12.511404037475586	1699	3sx0
3.2885241508483887	1706	3sx0
19.59754514694214	1711	3sx0
11.667763948440552	1718	3sx0
10.851404666900635	1721	3sx0
14.842117071151733	1726	3sx0
12.90244197845459	1732	3sx0
23.41807270050049	1736	3sx0
15.287101984024048	1741	3sx0
15.804635763168335	1744	3sx0
16.6828191280365	1745	3sx0
9.339193105697632	1750	3sx0
15.912982940673828	1758	3sx0
20.00514006614685	1764	3sx0
6.62200403213501	1781	3sx0
12.955601215362549	1788	3sx0
9.703569889068604	1789	3sx0
13.14140009880066	1790	3sx0
6.910811185836792	1801	3sx0
13.30203914642334	1802	3sx0
6.464299917221069	1804	3sx0
14.705271005630493	1806	3sx0
7.526221990585327	1808	3sx0
21.70903992652893	1810	3sx0
17.532036066055298	1816	3sx0
4.816269159317017	1822	3sx0
13.681936979293823	1825	3sx0
23.44552707672119	1835	3sx0
18.29393482208252	1837	3sx0
17.800590753555298	1846	3sx0
7.501347064971924	1850	3sx0
13.437331199645996	1852	3sx0
14.391178846359253	1856	3sx0
14.868000745773315	1863	3sx0
12.871349096298218	1865	3sx0
11.036452054977417	1871	3sx0
10.958277940750122	1893	3sx0
7.410236120223999	1894	3sx0
18.520395040512085	1895	3sx0
24.120857000350952	1906	3sx0
15.12126111984253	1913	3sx0
21.04826331138611	1927	3sx0
12.084872007369995	1928	3sx0
19.48168396949768	1930	3sx0
9.220201015472412	1936	3sx0
25.33767604827881	1937	3sx0
9.049747943878174	1939	3sx0
13.96081829071045	1940	3sx0
4.93487286567688	1941	3sx0
10.782987833023071	1943	3sx0
7.708079099655151	1945	3sx0
28.305958032608032	1956	3sx0
22.146408081054688	1957	3sx0
9.677356958389282	1958	3sx0
15.686447858810425	1960	3sx0
12.660961151123047	1966	3sx0
10.161859035491943	1969	3sx0
6.06188702583313	1971	3sx0
4.849215984344482	1973	3sx0
11.689181089401245	1974	3sx0
8.229632139205933	1976	3sx0
5.658252954483032	1982	3sx0
14.157463788986206	1986	3sx0
15.625972986221313	1991	3sx0
9.950908899307251	2003	3sx0
11.30171012878418	2004	3sx0
6.7702860832214355	2012	3sx0
7.8334290981292725	2014	3sx0
7.299592971801758	2017	3sx0
5.624994993209839	2020	3sx0
12.3138267993927	2028	3sx0
17.57475709915161	2032	3sx0
14.755390167236328	2033	3sx0
23.19977068901062	2041	3sx0
12.704839944839478	2043	3sx0
12.295646905899048	2046	3sx0
19.135530948638916	2063	3sx0
15.350312948226929	2072	3sx0
19.70291566848755	2079	3sx0
16.96092200279236	2087	3sx0
14.140532970428467	2091	3sx0
10.004815101623535	2103	3sx0
5.863413095474243	2105	3sx0
3.8635149002075195	2109	3sx0
20.605000019073486	2116	3sx0
15.367897987365723	2121	3sx0
15.72925591468811	2122	3sx0
7.340824842453003	2124	3sx0
13.281152963638306	2134	3sx0
15.425258874893188	2136	3sx0
9.610965967178345	2139	3sx0
8.164296865463257	2149	3sx0
20.627196073532104	2163	3sx0
7.6490771770477295	2164	3sx0
17.312509298324585	2170	3sx0
11.919920921325684	2177	3sx0
10.524515151977539	2184	3sx0
15.231969118118286	2195	3sx0
14.67128610610962	2197	3sx0
28.77372407913208	2210	3sx0
15.616684198379517	2213	3sx0
12.06479787826538	2214	3sx0
15.407757043838501	2225	3sx0
10.484933853149414	2231	3sx0
11.238644123077393	2242	3sx0
9.395647048950195	2266	3sx0
11.006721019744873	2267	3sx0
6.670008897781372	2270	3sx0
9.981457233428955	2271	3sx0
17.152101755142212	2272	3sx0
5.014100074768066	2275	3sx0
4.367409944534302	2276	3sx0
21.07426881790161	2281	3sx0
19.249109983444214	2282	3sx0
23.691168069839478	2284	3sx0
21.16415286064148	2285	3sx0
21.579333782196045	2286	3sx0
36.55913305282593	2298	3sx0
6.872803211212158	2301	3sx0
16.32954716682434	2304	3sx0
15.807407140731812	2319	3sx0
11.480896711349487	2330	3sx0
14.986299276351929	2334	3sx0
22.993440866470337	2335	3sx0
14.086552143096924	2345	3sx0
7.189062833786011	2349	3sx0
6.481276035308838	2350	3sx0
22.189028024673462	2357	3sx0
18.959925889968872	2358	3sx0
12.221000909805298	2359	3sx0
10.092539072036743	2361	3sx0
20.35207176208496	2363	3sx0
20.298295974731445	2364	3sx0
19.253772258758545	2365	3sx0
12.548064947128296	2373	3sx0
22.977094888687134	2375	3sx0
28.34071397781372	2377	3sx0
9.057455062866211	2380	3sx0
12.628944873809814	2381	3sx0
16.82532000541687	2386	3sx0
18.04773783683777	2402	3sx0
10.336519241333008	2403	3sx0
20.512444972991943	2416	3sx0
15.189353942871094	2417	3sx0
14.824832201004028	2419	3sx0
16.48344612121582	2420	3sx0
8.787068843841553	2432	3sx0
13.43947696685791	2439	3sx0
13.630905866622925	2440	3sx0
26.61538314819336	2447	3sx0
